ID,EMPLOYEEID,ORDERDATE,REQUIREDDATE,SHIPPEDDATE,SHIPVIA,FREIGHT,SHIPNAME,SHIPADDRESS,SHIPCITY,SHIPREGION,SHIPPOSTALCODE,SHIPCOUNTRY
10504,4,2013-04-11,2013-05-09,2013-04-18,3,59.13,White Clover Markets,1029 - 12th Ave. S.,Seattle,North America,98124,USA
10347,4,2012-11-06,2012-12-04,2012-11-08,3,3.10,Familia Arquibaldo,"Rua Orós, 92",Sao Paulo,South America,05442-030,Brazil
10419,4,2013-01-20,2013-02-17,2013-01-30,2,137.35,Richter Supermarkt,Starenweg 5,Genève,Western Europe,1204,Switzerland
10422,2,2013-01-22,2013-02-19,2013-01-31,1,3.02,Franchi S.p.A.,Via Monte Bianco 34,Torino,Southern Europe,10100,Italy
10818,7,2014-01-07,2014-02-04,2014-01-12,3,65.48,Magazzini Alimentari Riuniti,Via Ludovico il Moro 22,Bergamo,Southern Europe,24100,Italy
10778,3,2013-12-16,2014-01-13,2013-12-24,1,6.79,Berglunds snabbköp,Berguvsvägen  8,Luleå,Northern Europe,S-958 22,Sweden
10373,4,2012-12-05,2013-01-02,2012-12-11,3,124.12,Hungry Owl All-Night Grocers,8 Johnstown Road,Cork,British Isles,,Ireland
10738,2,2013-11-12,2013-12-10,2013-11-18,1,2.91,Spécialités du monde,"25, rue Lauriston",Paris,Western Europe,75016,France
10926,4,2014-03-04,2014-04-01,2014-03-11,3,39.92,Ana Trujillo Emparedados y helados,Avda. de la Constitución 2222,México D.F.,Central America,05021,Mexico
10514,3,2013-04-22,2013-05-20,2013-05-16,2,789.95,Ernst Handel,Kirchgasse 6,Graz,Western Europe,8010,Austria
11040,4,2014-04-22,2014-05-20,,3,18.84,Great Lakes Food Market,2732 Baker Blvd.,Eugene,North America,97403,USA
10305,8,2012-09-13,2012-10-11,2012-10-09,3,257.62,Old World Delicatessen,2743 Bering St.,Anchorage,North America,99508,USA
10964,3,2014-03-20,2014-04-17,2014-03-24,2,87.38,Spécialités du monde,"25, rue Lauriston",Paris,Western Europe,75016,France
10608,4,2013-07-23,2013-08-20,2013-08-01,2,27.79,Toms Spezialitäten,Luisenstr. 48,Münster,Western Europe,44087,Germany
10771,9,2013-12-10,2014-01-07,2014-01-02,2,11.19,Ernst Handel,Kirchgasse 6,Graz,Western Europe,8010,Austria
10766,4,2013-12-05,2014-01-02,2013-12-09,1,157.55,Ottilies Käseladen,Mehrheimerstr. 369,Köln,Western Europe,50739,Germany
10286,8,2012-08-21,2012-09-18,2012-08-30,3,229.24,QUICK-Stop,Taucherstraße 10,Cunewalde,Western Europe,01307,Germany
10474,5,2013-03-13,2013-04-10,2013-03-21,2,83.49,Pericles Comidas clásicas,Calle Dr. Jorge Cash 321,México D.F.,Central America,05033,Mexico
10858,2,2014-01-29,2014-02-26,2014-02-03,1,52.51,La corne d'abondance,"67, avenue de l'Europe",Versailles,Western Europe,78000,France
10533,8,2013-05-12,2013-06-09,2013-05-22,1,188.04,Folk och fä HB,Åkergatan 24,Bräcke,Northern Europe,S-844 67,Sweden
11075,8,2014-05-06,2014-06-03,,2,6.19,Richter Supermarkt,Starenweg 5,Genève,Western Europe,1204,Switzerland
11016,9,2014-04-10,2014-05-08,2014-04-13,2,33.80,Around the Horn,Brook Farm Stratford St. Mary,Colchester,British Isles,CO7 6JX,UK
10488,8,2013-03-27,2013-04-24,2013-04-02,2,4.93,Frankenversand,Berliner Platz 43,München,Western Europe,80805,Germany
10360,4,2012-11-22,2012-12-20,2012-12-02,3,131.70,Blondel père et fils,"24, place Kléber",Strasbourg,Western Europe,67000,France
10559,6,2013-06-05,2013-07-03,2013-06-13,1,8.05,Blondel père et fils,"24, place Kléber",Strasbourg,Western Europe,67000,France
10983,2,2014-03-27,2014-04-24,2014-04-06,2,657.54,Save-a-lot Markets,187 Suffolk Ln.,Boise,North America,83720,USA
11061,4,2014-04-30,2014-06-11,,3,14.01,Great Lakes Food Market,2732 Baker Blvd.,Eugene,North America,97403,USA
10932,8,2014-03-06,2014-04-03,2014-03-24,1,134.64,Bon app',"12, rue des Bouchers",Marseille,Western Europe,13008,France
10930,4,2014-03-06,2014-04-17,2014-03-18,3,15.55,Suprêmes délices,"Boulevard Tirou, 255",Charleroi,Western Europe,B-6000,Belgium
10349,7,2012-11-08,2012-12-06,2012-11-15,1,8.63,Split Rail Beer & Ale,P.O. Box 555,Lander,North America,82520,USA
10418,4,2013-01-17,2013-02-14,2013-01-24,1,17.55,QUICK-Stop,Taucherstraße 10,Cunewalde,Western Europe,01307,Germany
10575,5,2013-06-20,2013-07-04,2013-06-30,1,127.34,Morgenstern Gesundkost,Heerstr. 22,Leipzig,Western Europe,04179,Germany
10925,3,2014-03-04,2014-04-01,2014-03-13,1,2.27,Hanari Carnes,"Rua do Paço, 67",Rio de Janeiro,South America,05454-876,Brazil
10717,1,2013-10-24,2013-11-21,2013-10-29,2,59.25,Frankenversand,Berliner Platz 43,München,Western Europe,80805,Germany
11060,2,2014-04-30,2014-05-28,2014-05-04,2,10.98,Franchi S.p.A.,Via Monte Bianco 34,Torino,Southern Europe,10100,Italy
10929,6,2014-03-05,2014-04-02,2014-03-12,1,33.93,Frankenversand,Berliner Platz 43,München,Western Europe,80805,Germany
10356,6,2012-11-18,2012-12-16,2012-11-27,2,36.71,Die Wandernde Kuh,Adenauerallee 900,Stuttgart,Western Europe,70563,Germany
10611,6,2013-07-25,2013-08-22,2013-08-01,2,80.65,Wolski Zajazd,ul. Filtrowa 68,Warszawa,Eastern Europe,01-012,Poland
10492,3,2013-04-01,2013-04-29,2013-04-11,1,62.89,Bottom-Dollar Markets,23 Tsawassen Blvd.,Tsawassen,North America,T2F 8M4,Canada
10469,1,2013-03-10,2013-04-07,2013-03-14,1,60.18,White Clover Markets,1029 - 12th Ave. S.,Seattle,North America,98124,USA
10781,2,2013-12-17,2014-01-14,2013-12-19,3,73.16,Wartian Herkku,Torikatu 38,Oulu,Scandinavia,90110,Finland
10834,1,2014-01-15,2014-02-12,2014-01-19,3,29.78,Tradiçao Hipermercados,"Av. Inês de Castro, 414",Sao Paulo,South America,05634-030,Brazil
10655,1,2013-09-03,2013-10-01,2013-09-11,2,4.41,Reggiani Caseifici,Strada Provinciale 124,Reggio Emilia,Southern Europe,42100,Italy
10567,1,2013-06-12,2013-07-10,2013-06-17,1,33.97,Hungry Owl All-Night Grocers,8 Johnstown Road,Cork,British Isles,,Ireland
11028,2,2014-04-16,2014-05-14,2014-04-22,1,29.59,Königlich Essen,Maubelstr. 90,Brandenburg,Western Europe,14776,Germany
10284,4,2012-08-19,2012-09-16,2012-08-27,1,76.56,Lehmanns Marktstand,Magazinweg 7,Frankfurt a.M.,Western Europe,60528,Germany
10536,3,2013-05-14,2013-06-11,2013-06-06,2,58.88,Lehmanns Marktstand,Magazinweg 7,Frankfurt a.M.,Western Europe,60528,Germany
10470,4,2013-03-11,2013-04-08,2013-03-14,2,64.56,Bon app',"12, rue des Bouchers",Marseille,Western Europe,13008,France
10763,3,2013-12-03,2013-12-31,2013-12-08,3,37.35,Folies gourmandes,"184, chaussée de Tournai",Lille,Western Europe,59000,France
11008,7,2014-04-08,2014-05-06,,3,79.46,Ernst Handel,Kirchgasse 6,Graz,Western Europe,8010,Austria
10945,4,2014-03-12,2014-04-09,2014-03-18,1,10.22,Morgenstern Gesundkost,Heerstr. 22,Leipzig,Western Europe,04179,Germany
10400,1,2013-01-01,2013-01-29,2013-01-16,3,83.93,Eastern Connection,35 King George,London,British Isles,WX3 6FW,UK
10755,4,2013-11-26,2013-12-24,2013-11-28,2,16.71,Bon app',"12, rue des Bouchers",Marseille,Western Europe,13008,France
11058,9,2014-04-29,2014-05-27,,3,31.14,Blauer See Delikatessen,Forsterstr. 57,Mannheim,Western Europe,68306,Germany
10527,7,2013-05-05,2013-06-02,2013-05-07,1,41.90,QUICK-Stop,Taucherstraße 10,Cunewalde,Western Europe,01307,Germany
10357,1,2012-11-19,2012-12-17,2012-12-02,3,34.88,LILA-Supermercado,Carrera 52 con Ave. Bolívar #65-98 Llano Largo,Barquisimeto,South America,3508,Venezuela
10619,3,2013-08-04,2013-09-01,2013-08-07,3,91.05,Mère Paillarde,43 rue St. Laurent,Montréal,North America,H1J 1C3,Canada
10785,1,2013-12-18,2014-01-15,2013-12-24,3,1.51,GROSELLA-Restaurante,5ª Ave. Los Palos Grandes,Caracas,South America,1081,Venezuela
10354,8,2012-11-14,2012-12-12,2012-11-20,3,53.80,Pericles Comidas clásicas,Calle Dr. Jorge Cash 321,México D.F.,Central America,05033,Mexico
10623,8,2013-08-07,2013-09-04,2013-08-12,2,97.18,Frankenversand,Berliner Platz 43,München,Western Europe,80805,Germany
11003,3,2014-04-06,2014-05-04,2014-04-08,3,14.91,The Cracker Box,55 Grizzly Peak Rd.,Butte,North America,59801,USA
10358,5,2012-11-20,2012-12-18,2012-11-27,1,19.64,La maison d'Asie,1 rue Alsace-Lorraine,Toulouse,Western Europe,31000,France
10304,1,2012-09-12,2012-10-10,2012-09-17,2,63.79,Tortuga Restaurante,Avda. Azteca 123,México D.F.,Central America,05033,Mexico
11063,3,2014-04-30,2014-05-28,2014-05-06,2,81.73,Hungry Owl All-Night Grocers,8 Johnstown Road,Cork,British Isles,,Ireland
10499,4,2013-04-08,2013-05-06,2013-04-16,2,102.02,LILA-Supermercado,Carrera 52 con Ave. Bolívar #65-98 Llano Largo,Barquisimeto,South America,3508,Venezuela
10729,8,2013-11-04,2013-12-16,2013-11-14,3,141.06,LINO-Delicateses,Ave. 5 de Mayo Porlamar,I. de Margarita,South America,4980,Venezuela
10502,2,2013-04-10,2013-05-08,2013-04-29,1,69.32,Pericles Comidas clásicas,Calle Dr. Jorge Cash 321,México D.F.,Central America,05033,Mexico
10799,9,2013-12-26,2014-02-06,2014-01-05,3,30.76,Königlich Essen,Maubelstr. 90,Brandenburg,Western Europe,14776,Germany
10430,4,2013-01-30,2013-02-13,2013-02-03,1,458.78,Ernst Handel,Kirchgasse 6,Graz,Western Europe,8010,Austria
10510,6,2013-04-18,2013-05-16,2013-04-28,3,367.63,Save-a-lot Markets,187 Suffolk Ln.,Boise,North America,83720,USA
10761,5,2013-12-02,2013-12-30,2013-12-08,2,18.66,Rattlesnake Canyon Grocery,2817 Milton Dr.,Albuquerque,North America,87110,USA
10643,6,2013-08-25,2013-09-22,2013-09-02,1,29.46,Alfreds Futterkiste,Obere Str. 57,Berlin,Western Europe,12209,Germany
10971,2,2014-03-24,2014-04-21,2014-04-02,2,121.82,France restauration,"54, rue Royale",Nantes,Western Europe,44000,France
10434,3,2013-02-03,2013-03-03,2013-02-13,2,17.92,Folk och fä HB,Åkergatan 24,Bräcke,Northern Europe,S-844 67,Sweden
10302,4,2012-09-10,2012-10-08,2012-10-09,2,6.27,Suprêmes délices,"Boulevard Tirou, 255",Charleroi,Western Europe,B-6000,Belgium
10461,1,2013-02-28,2013-03-28,2013-03-05,3,148.61,LILA-Supermercado,Carrera 52 con Ave. Bolívar #65-98 Llano Largo,Barquisimeto,South America,3508,Venezuela
10883,8,2014-02-12,2014-03-12,2014-02-20,3,0.53,Lonesome Pine Restaurant,89 Chiaroscuro Rd.,Portland,North America,97219,USA
10962,8,2014-03-19,2014-04-16,2014-03-23,2,275.79,QUICK-Stop,Taucherstraße 10,Cunewalde,Western Europe,01307,Germany
10684,3,2013-09-26,2013-10-24,2013-09-30,1,145.63,Ottilies Käseladen,Mehrheimerstr. 369,Köln,Western Europe,50739,Germany
10547,3,2013-05-23,2013-06-20,2013-06-02,2,178.43,Seven Seas Imports,90 Wadhurst Rd.,London,British Isles,OX15 4NB,UK
10262,8,2012-07-22,2012-08-19,2012-07-25,3,48.29,Rattlesnake Canyon Grocery,2817 Milton Dr.,Albuquerque,North America,87110,USA
10339,2,2012-10-28,2012-11-25,2012-11-04,2,15.66,Mère Paillarde,43 rue St. Laurent,Montréal,North America,H1J 1C3,Canada
11068,8,2014-05-04,2014-06-01,,2,81.75,Queen Cozinha,"Alameda dos Canàrios, 891",Sao Paulo,South America,05487-020,Brazil
10579,1,2013-06-25,2013-07-23,2013-07-04,2,13.73,Let's Stop N Shop,87 Polk St. Suite 5,San Francisco,North America,94117,USA
10565,8,2013-06-11,2013-07-09,2013-06-18,2,7.15,Mère Paillarde,43 rue St. Laurent,Montréal,North America,H1J 1C3,Canada
10374,1,2012-12-05,2013-01-02,2012-12-09,3,3.94,Wolski Zajazd,ul. Filtrowa 68,Warszawa,Eastern Europe,01-012,Poland
10411,9,2013-01-10,2013-02-07,2013-01-21,3,23.65,Bottom-Dollar Markets,23 Tsawassen Blvd.,Tsawassen,North America,T2F 8M4,Canada
10327,2,2012-10-11,2012-11-08,2012-10-14,1,63.36,Folk och fä HB,Åkergatan 24,Bräcke,Northern Europe,S-844 67,Sweden
10361,1,2012-11-22,2012-12-20,2012-12-03,2,183.17,QUICK-Stop,Taucherstraße 10,Cunewalde,Western Europe,01307,Germany
11064,1,2014-05-01,2014-05-29,2014-05-04,1,30.09,Save-a-lot Markets,187 Suffolk Ln.,Boise,North America,83720,USA
10715,3,2013-10-23,2013-11-06,2013-10-29,1,63.20,Bon app',"12, rue des Bouchers",Marseille,Western Europe,13008,France
10308,7,2012-09-18,2012-10-16,2012-09-24,3,1.61,Ana Trujillo Emparedados y helados,Avda. de la Constitución 2222,México D.F.,Central America,05021,Mexico
10952,1,2014-03-16,2014-04-27,2014-03-24,1,40.42,Alfred's Futterkiste,Obere Str. 57,Berlin,Western Europe,12209,Germany
10309,3,2012-09-19,2012-10-17,2012-10-23,1,47.30,Hungry Owl All-Night Grocers,8 Johnstown Road,Cork,British Isles,,Ireland
10404,2,2013-01-03,2013-01-31,2013-01-08,1,155.97,Magazzini Alimentari Riuniti,Via Ludovico il Moro 22,Bergamo,Southern Europe,24100,Italy
10629,4,2013-08-12,2013-09-09,2013-08-20,3,85.46,Godos Cocina Típica,"C/ Romero, 33",Sevilla,Southern Europe,41101,Spain
10425,6,2013-01-24,2013-02-21,2013-02-14,2,7.93,La maison d'Asie,1 rue Alsace-Lorraine,Toulouse,Western Europe,31000,France
10695,7,2013-10-07,2013-11-18,2013-10-14,1,16.72,Wilman Kala,Keskuskatu 45,Helsinki,Scandinavia,21240,Finland
10265,2,2012-07-25,2012-08-22,2012-08-12,1,55.28,Blondel père et fils,"24, place Kléber",Strasbourg,Western Europe,67000,France
10689,1,2013-10-01,2013-10-29,2013-10-07,2,13.42,Berglunds snabbköp,Berguvsvägen  8,Luleå,Northern Europe,S-958 22,Sweden
10282,4,2012-08-15,2012-09-12,2012-08-21,1,12.69,Romero y tomillo,"Gran Vía, 1",Madrid,Southern Europe,28001,Spain
10833,6,2014-01-15,2014-02-12,2014-01-23,2,71.49,Ottilies Käseladen,Mehrheimerstr. 369,Köln,Western Europe,50739,Germany
10807,4,2013-12-31,2014-01-28,2014-01-30,1,1.36,Franchi S.p.A.,Via Monte Bianco 34,Torino,Southern Europe,10100,Italy
10924,3,2014-03-04,2014-04-01,2014-04-08,2,151.52,Berglunds snabbköp,Berguvsvägen  8,Luleå,Northern Europe,S-958 22,Sweden
10694,8,2013-10-06,2013-11-03,2013-10-09,3,398.36,QUICK-Stop,Taucherstraße 10,Cunewalde,Western Europe,01307,Germany
10459,4,2013-02-27,2013-03-27,2013-02-28,2,25.09,Victuailles en stock,"2, rue du Commerce",Lyon,Western Europe,69004,France
10916,1,2014-02-27,2014-03-27,2014-03-09,2,63.77,Rancho grande,Av. del Libertador 900,Buenos Aires,South America,1010,Argentina
10897,3,2014-02-19,2014-03-19,2014-02-25,2,603.54,Hungry Owl All-Night Grocers,8 Johnstown Road,Cork,British Isles,,Ireland
10528,6,2013-05-06,2013-05-20,2013-05-09,2,3.35,Great Lakes Food Market,2732 Baker Blvd.,Eugene,North America,97403,USA
10336,7,2012-10-23,2012-11-20,2012-10-25,2,15.51,Princesa Isabel Vinhos,Estrada da saúde n. 58,Lisboa,Southern Europe,1756,Portugal
10645,4,2013-08-26,2013-09-23,2013-09-02,1,12.41,Hanari Carnes,"Rua do Paço, 67",Rio de Janeiro,South America,05454-876,Brazil
10605,1,2013-07-21,2013-08-18,2013-07-29,2,379.13,Mère Paillarde,43 rue St. Laurent,Montréal,North America,H1J 1C3,Canada
10520,7,2013-04-29,2013-05-27,2013-05-01,1,13.37,Santé Gourmet,Erling Skakkes gate 78,Stavern,Scandinavia,4110,Norway
10390,6,2012-12-23,2013-01-20,2012-12-26,1,126.38,Ernst Handel,Kirchgasse 6,Graz,Western Europe,8010,Austria
10984,1,2014-03-30,2014-04-27,2014-04-03,3,211.22,Save-a-lot Markets,187 Suffolk Ln.,Boise,North America,83720,USA
10376,1,2012-12-09,2013-01-06,2012-12-13,2,20.39,Mère Paillarde,43 rue St. Laurent,Montréal,North America,H1J 1C3,Canada
10465,1,2013-03-05,2013-04-02,2013-03-14,3,145.04,Vaffeljernet,Smagsloget 45,Århus,Northern Europe,8200,Denmark
10922,5,2014-03-03,2014-03-31,2014-03-05,3,62.74,Hanari Carnes,"Rua do Paço, 67",Rio de Janeiro,South America,05454-876,Brazil
10775,7,2013-12-12,2014-01-09,2013-12-26,1,20.25,The Cracker Box,55 Grizzly Peak Rd.,Butte,North America,59801,USA
10982,2,2014-03-27,2014-04-24,2014-04-08,1,14.01,Bottom-Dollar Markets,23 Tsawassen Blvd.,Tsawassen,North America,T2F 8M4,Canada
10869,5,2014-02-04,2014-03-04,2014-02-09,1,143.28,Seven Seas Imports,90 Wadhurst Rd.,London,British Isles,OX15 4NB,UK
10737,2,2013-11-11,2013-12-09,2013-11-18,2,7.79,Vins et alcools Chevalier,59 rue de l'Abbaye,Reims,Western Europe,51100,France
10485,4,2013-03-25,2013-04-08,2013-03-31,2,64.45,LINO-Delicateses,Ave. 5 de Mayo Porlamar,I. de Margarita,South America,4980,Venezuela
10691,2,2013-10-03,2013-11-14,2013-10-22,2,810.05,QUICK-Stop,Taucherstraße 10,Cunewalde,Western Europe,01307,Germany
10378,5,2012-12-10,2013-01-07,2012-12-19,3,5.44,Folk och fä HB,Åkergatan 24,Bräcke,Northern Europe,S-844 67,Sweden
10562,1,2013-06-09,2013-07-07,2013-06-12,1,22.95,Reggiani Caseifici,Strada Provinciale 124,Reggio Emilia,Southern Europe,42100,Italy
10652,4,2013-09-01,2013-09-29,2013-09-08,2,7.14,Gourmet Lanchonetes,"Av. Brasil, 442",Campinas,South America,04876-786,Brazil
10705,9,2013-10-15,2013-11-12,2013-11-18,2,3.52,HILARION-Abastos,Carrera 22 con Ave. Carlos Soublette #8-35,San Cristóbal,South America,5022,Venezuela
10479,3,2013-03-19,2013-04-16,2013-03-21,3,708.95,Rattlesnake Canyon Grocery,2817 Milton Dr.,Albuquerque,North America,87110,USA
10854,3,2014-01-27,2014-02-24,2014-02-05,2,100.22,Ernst Handel,Kirchgasse 6,Graz,Western Europe,8010,Austria
10407,2,2013-01-07,2013-02-04,2013-01-30,2,91.48,Ottilies Käseladen,Mehrheimerstr. 369,Köln,Western Europe,50739,Germany
10848,7,2014-01-23,2014-02-20,2014-01-29,2,38.24,Consolidated Holdings,Berkeley Gardens 12  Brewery,London,British Isles,WX1 6LT,UK
10299,4,2012-09-06,2012-10-04,2012-09-13,2,29.76,Ricardo Adocicados,"Av. Copacabana, 267",Rio de Janeiro,South America,02389-890,Brazil
10636,4,2013-08-19,2013-09-16,2013-08-26,1,1.15,Wartian Herkku,Torikatu 38,Oulu,Scandinavia,90110,Finland
10532,7,2013-05-09,2013-06-06,2013-05-12,3,74.46,Eastern Connection,35 King George,London,British Isles,WX3 6FW,UK
10658,4,2013-09-05,2013-10-03,2013-09-08,1,364.15,QUICK-Stop,Taucherstraße 10,Cunewalde,Western Europe,01307,Germany
10701,6,2013-10-13,2013-10-27,2013-10-15,3,220.31,Hungry Owl All-Night Grocers,8 Johnstown Road,Cork,British Isles,,Ireland
10993,7,2014-04-01,2014-04-29,2014-04-10,3,8.81,Folk och fä HB,Åkergatan 24,Bräcke,Northern Europe,S-844 67,Sweden
11077,1,2014-05-06,2014-06-03,,2,8.53,Rattlesnake Canyon Grocery,2817 Milton Dr.,Albuquerque,North America,87110,USA
10630,1,2013-08-13,2013-09-10,2013-08-19,2,32.35,Königlich Essen,Maubelstr. 90,Brandenburg,Western Europe,14776,Germany
10996,4,2014-04-02,2014-04-30,2014-04-10,2,1.12,QUICK-Stop,Taucherstraße 10,Cunewalde,Western Europe,01307,Germany
10589,8,2013-07-04,2013-08-01,2013-07-14,2,4.42,Great Lakes Food Market,2732 Baker Blvd.,Eugene,North America,97403,USA
10887,8,2014-02-13,2014-03-13,2014-02-16,3,1.25,Galería del gastronómo,"Rambla de Cataluña, 23",Barcelona,Southern Europe,8022,Spain
10787,2,2013-12-19,2014-01-02,2013-12-26,1,249.93,La maison d'Asie,1 rue Alsace-Lorraine,Toulouse,Western Europe,31000,France
10384,3,2012-12-16,2013-01-13,2012-12-20,3,168.64,Berglunds snabbköp,Berguvsvägen  8,Luleå,Northern Europe,S-958 22,Sweden
10272,6,2012-08-02,2012-08-30,2012-08-06,2,98.03,Rattlesnake Canyon Grocery,2817 Milton Dr.,Albuquerque,North America,87110,USA
10482,1,2013-03-21,2013-04-18,2013-04-10,3,7.48,Lazy K Kountry Store,12 Orchestra Terrace,Walla Walla,North America,99362,USA
11039,1,2014-04-21,2014-05-19,,2,65.00,LINO-Delicateses,Ave. 5 de Mayo Porlamar,I. de Margarita,South America,4980,Venezuela
10317,6,2012-09-30,2012-10-28,2012-10-10,1,12.69,Lonesome Pine Restaurant,89 Chiaroscuro Rd.,Portland,North America,97219,USA
10706,8,2013-10-16,2013-11-13,2013-10-21,3,135.63,Old World Delicatessen,2743 Bering St.,Anchorage,North America,99508,USA
10523,7,2013-05-01,2013-05-29,2013-05-30,2,77.63,Seven Seas Imports,90 Wadhurst Rd.,London,British Isles,OX15 4NB,UK
10560,8,2013-06-06,2013-07-04,2013-06-09,1,36.65,Frankenversand,Berliner Platz 43,München,Western Europe,80805,Germany
10540,3,2013-05-19,2013-06-16,2013-06-13,3,1007.64,QUICK-Stop,Taucherstraße 10,Cunewalde,Western Europe,01307,Germany
11047,7,2014-04-24,2014-05-22,2014-05-01,3,46.62,Eastern Connection,35 King George,London,British Isles,WX3 6FW,UK
10546,1,2013-05-23,2013-06-20,2013-05-27,3,194.72,Victuailles en stock,"2, rue du Commerce",Lyon,Western Europe,69004,France
11035,2,2014-04-20,2014-05-18,2014-04-24,2,0.17,Suprêmes délices,"Boulevard Tirou, 255",Charleroi,Western Europe,B-6000,Belgium
10847,4,2014-01-22,2014-02-05,2014-02-10,3,487.57,Save-a-lot Markets,187 Suffolk Ln.,Boise,North America,83720,USA
10397,5,2012-12-27,2013-01-24,2013-01-02,1,60.26,Princesa Isabel Vinhos,Estrada da saúde n. 58,Lisboa,Southern Europe,1756,Portugal
10522,4,2013-04-30,2013-05-28,2013-05-06,1,45.33,Lehmanns Marktstand,Magazinweg 7,Frankfurt a.M.,Western Europe,60528,Germany
10841,5,2014-01-20,2014-02-17,2014-01-29,2,424.30,Suprêmes délices,"Boulevard Tirou, 255",Charleroi,Western Europe,B-6000,Belgium
10923,7,2014-03-03,2014-04-14,2014-03-13,3,68.26,La maison d'Asie,1 rue Alsace-Lorraine,Toulouse,Western Europe,31000,France
10928,1,2014-03-05,2014-04-02,2014-03-18,1,1.36,Galería del gastronómo,"Rambla de Cataluña, 23",Barcelona,Southern Europe,8022,Spain
10845,8,2014-01-21,2014-02-04,2014-01-30,1,212.98,QUICK-Stop,Taucherstraße 10,Cunewalde,Western Europe,01307,Germany
10822,6,2014-01-08,2014-02-05,2014-01-16,3,7.00,Trail's Head Gourmet Provisioners,722 DaVinci Blvd.,Kirkland,North America,98034,USA
10653,1,2013-09-02,2013-09-30,2013-09-19,1,93.25,Frankenversand,Berliner Platz 43,München,Western Europe,80805,Germany
10573,7,2013-06-19,2013-07-17,2013-06-20,3,84.84,Antonio Moreno Taquería,Mataderos  2312,México D.F.,Central America,05023,Mexico
10944,6,2014-03-12,2014-03-26,2014-03-13,3,52.92,Bottom-Dollar Markets,23 Tsawassen Blvd.,Tsawassen,North America,T2F 8M4,Canada
11062,4,2014-04-30,2014-05-28,,2,29.93,Reggiani Caseifici,Strada Provinciale 124,Reggio Emilia,Southern Europe,42100,Italy
10581,3,2013-06-26,2013-07-24,2013-07-02,1,3.01,Familia Arquibaldo,"Rua Orós, 92",Sao Paulo,South America,05442-030,Brazil
10294,4,2012-08-30,2012-09-27,2012-09-05,2,147.26,Rattlesnake Canyon Grocery,2817 Milton Dr.,Albuquerque,North America,87110,USA
10318,8,2012-10-01,2012-10-29,2012-10-04,2,4.73,Island Trading,Garden House Crowther Way,Cowes,British Isles,PO31 7PJ,UK
10998,8,2014-04-03,2014-04-17,2014-04-17,2,20.31,Wolski Zajazd,ul. Filtrowa 68,Warszawa,Eastern Europe,01-012,Poland
10603,8,2013-07-18,2013-08-15,2013-08-08,2,48.77,Save-a-lot Markets,187 Suffolk Ln.,Boise,North America,83720,USA
10871,9,2014-02-05,2014-03-05,2014-02-10,2,112.27,Bon app',"12, rue des Bouchers",Marseille,Western Europe,13008,France
10657,2,2013-09-04,2013-10-02,2013-09-15,2,352.69,Save-a-lot Markets,187 Suffolk Ln.,Boise,North America,83720,USA
10780,2,2013-12-16,2013-12-30,2013-12-25,1,42.13,LILA-Supermercado,Carrera 52 con Ave. Bolívar #65-98 Llano Largo,Barquisimeto,South America,3508,Venezuela
10472,8,2013-03-12,2013-04-09,2013-03-19,1,4.20,Seven Seas Imports,90 Wadhurst Rd.,London,British Isles,OX15 4NB,UK
10588,2,2013-07-03,2013-07-31,2013-07-10,3,194.67,QUICK-Stop,Taucherstraße 10,Cunewalde,Western Europe,01307,Germany
10342,4,2012-10-30,2012-11-13,2012-11-04,2,54.83,Frankenversand,Berliner Platz 43,München,Western Europe,80805,Germany
10285,1,2012-08-20,2012-09-17,2012-08-26,2,76.83,QUICK-Stop,Taucherstraße 10,Cunewalde,Western Europe,01307,Germany
10426,4,2013-01-27,2013-02-24,2013-02-06,1,18.69,Galería del gastronómo,"Rambla de Cataluña, 23",Barcelona,Southern Europe,8022,Spain
10826,6,2014-01-12,2014-02-09,2014-02-06,1,7.09,Blondel père et fils,"24, place Kléber",Strasbourg,Western Europe,67000,France
11042,2,2014-04-22,2014-05-06,2014-05-01,1,29.99,Comércio Mineiro,"Av. dos Lusíadas, 23",Sao Paulo,South America,05432-043,Brazil
11072,4,2014-05-05,2014-06-02,,2,258.64,Ernst Handel,Kirchgasse 6,Graz,Western Europe,8010,Austria
10431,4,2013-01-30,2013-02-13,2013-02-07,2,44.17,Bottom-Dollar Markets,23 Tsawassen Blvd.,Tsawassen,North America,T2F 8M4,Canada
10900,1,2014-02-20,2014-03-20,2014-03-04,2,1.66,Wellington Importadora,"Rua do Mercado, 12",Resende,South America,08737-363,Brazil
10487,2,2013-03-26,2013-04-23,2013-03-28,2,71.07,Queen Cozinha,"Alameda dos Canàrios, 891",Sao Paulo,South America,05487-020,Brazil
10451,4,2013-02-19,2013-03-05,2013-03-12,3,189.09,QUICK-Stop,Taucherstraße 10,Cunewalde,Western Europe,01307,Germany
11012,1,2014-04-09,2014-04-23,2014-04-17,3,242.95,Frankenversand,Berliner Platz 43,München,Western Europe,80805,Germany
10906,4,2014-02-25,2014-03-11,2014-03-03,3,26.29,Wolski Zajazd,ul. Filtrowa 68,Warszawa,Eastern Europe,01-012,Poland
10582,3,2013-06-27,2013-07-25,2013-07-14,2,27.71,Blauer See Delikatessen,Forsterstr. 57,Mannheim,Western Europe,68306,Germany
10972,4,2014-03-24,2014-04-21,2014-03-26,2,0.02,La corne d'abondance,"67, avenue de l'Europe",Versailles,Western Europe,78000,France
10902,1,2014-02-23,2014-03-23,2014-03-03,1,44.15,Folk och fä HB,Åkergatan 24,Bräcke,Northern Europe,S-844 67,Sweden
10882,4,2014-02-11,2014-03-11,2014-02-20,3,23.10,Save-a-lot Markets,187 Suffolk Ln.,Boise,North America,83720,USA
10776,1,2013-12-15,2014-01-12,2013-12-18,3,351.53,Ernst Handel,Kirchgasse 6,Graz,Western Europe,8010,Austria
10276,8,2012-08-08,2012-08-22,2012-08-14,3,13.84,Tortuga Restaurante,Avda. Azteca 123,México D.F.,Central America,05033,Mexico
10852,8,2014-01-26,2014-02-09,2014-01-30,1,174.05,Rattlesnake Canyon Grocery,2817 Milton Dr.,Albuquerque,North America,87110,USA
10803,4,2013-12-30,2014-01-27,2014-01-06,1,55.23,Wellington Importadora,"Rua do Mercado, 12",Resende,South America,08737-363,Brazil
10450,8,2013-02-19,2013-03-19,2013-03-11,2,7.23,Victuailles en stock,"2, rue du Commerce",Lyon,Western Europe,69004,France
10530,3,2013-05-08,2013-06-05,2013-05-12,2,339.22,Piccolo und mehr,Geislweg 14,Salzburg,Western Europe,5020,Austria
10937,7,2014-03-10,2014-03-24,2014-03-13,3,31.51,Cactus Comidas para llevar,Cerrito 333,Buenos Aires,South America,1010,Argentina
10724,8,2013-10-30,2013-12-11,2013-11-05,2,57.75,Mère Paillarde,43 rue St. Laurent,Montréal,North America,H1J 1C3,Canada
10370,6,2012-12-03,2012-12-31,2012-12-27,2,1.17,Chop-suey Chinese,Hauptstr. 31,Bern,Western Europe,3012,Switzerland
10836,7,2014-01-16,2014-02-13,2014-01-21,1,411.88,Ernst Handel,Kirchgasse 6,Graz,Western Europe,8010,Austria
10593,7,2013-07-09,2013-08-06,2013-08-13,2,174.20,Lehmanns Marktstand,Magazinweg 7,Frankfurt a.M.,Western Europe,60528,Germany
10287,8,2012-08-22,2012-09-19,2012-08-28,3,12.76,Ricardo Adocicados,"Av. Copacabana, 267",Rio de Janeiro,South America,02389-890,Brazil
10813,1,2014-01-05,2014-02-02,2014-01-09,1,47.38,Ricardo Adocicados,"Av. Copacabana, 267",Rio de Janeiro,South America,02389-890,Brazil
10319,7,2012-10-02,2012-10-30,2012-10-11,3,64.50,Tortuga Restaurante,Avda. Azteca 123,México D.F.,Central America,05033,Mexico
11029,4,2014-04-16,2014-05-14,2014-04-27,1,47.84,Chop-suey Chinese,Hauptstr. 31,Bern,Western Europe,3012,Switzerland
10269,5,2012-07-31,2012-08-14,2012-08-09,1,4.56,White Clover Markets,1029 - 12th Ave. S.,Seattle,North America,98124,USA
10391,3,2012-12-23,2013-01-20,2012-12-31,3,5.45,Drachenblut Delikatessen,Walserweg 21,Aachen,Western Europe,52066,Germany
10856,3,2014-01-28,2014-02-25,2014-02-10,2,58.43,Antonio Moreno Taquería,Mataderos  2312,México D.F.,Central America,05023,Mexico
11038,1,2014-04-21,2014-05-19,2014-04-30,2,29.59,Suprêmes délices,"Boulevard Tirou, 255",Charleroi,Western Europe,B-6000,Belgium
10307,2,2012-09-17,2012-10-15,2012-09-25,2,0.56,Lonesome Pine Restaurant,89 Chiaroscuro Rd.,Portland,North America,97219,USA
10531,7,2013-05-08,2013-06-05,2013-05-19,1,8.12,Océano Atlántico Ltda.,Ing. Gustavo Moncada 8585 Piso 20-A,Buenos Aires,South America,1010,Argentina
10290,8,2012-08-27,2012-09-24,2012-09-03,1,79.70,Comércio Mineiro,"Av. dos Lusíadas, 23",Sao Paulo,South America,05432-043,Brazil
10506,9,2013-04-15,2013-05-13,2013-05-02,2,21.19,Königlich Essen,Maubelstr. 90,Brandenburg,Western Europe,14776,Germany
10558,1,2013-06-04,2013-07-02,2013-06-10,2,72.97,Around the Horn,Brook Farm Stratford St. Mary,Colchester,British Isles,CO7 6JX,UK
10392,2,2012-12-24,2013-01-21,2013-01-01,3,122.46,Piccolo und mehr,Geislweg 14,Salzburg,Western Europe,5020,Austria
10632,8,2013-08-14,2013-09-11,2013-08-19,1,41.38,Die Wandernde Kuh,Adenauerallee 900,Stuttgart,Western Europe,70563,Germany
10598,1,2013-07-14,2013-08-11,2013-07-18,3,44.42,Rattlesnake Canyon Grocery,2817 Milton Dr.,Albuquerque,North America,87110,USA
10524,1,2013-05-01,2013-05-29,2013-05-07,2,244.79,Berglunds snabbköp,Berguvsvägen  8,Luleå,Northern Europe,S-958 22,Sweden
10933,6,2014-03-06,2014-04-03,2014-03-16,3,54.15,Island Trading,Garden House Crowther Way,Cowes,British Isles,PO31 7PJ,UK
10732,3,2013-11-06,2013-12-04,2013-11-07,1,16.97,Bon app',"12, rue des Bouchers",Marseille,Western Europe,13008,France
10395,6,2012-12-26,2013-01-23,2013-01-03,1,184.41,HILARION-Abastos,Carrera 22 con Ave. Carlos Soublette #8-35,San Cristóbal,South America,5022,Venezuela
10604,1,2013-07-18,2013-08-15,2013-07-29,1,7.46,Furia Bacalhau e Frutos do Mar,Jardim das rosas n. 32,Lisboa,Southern Europe,1675,Portugal
10728,4,2013-11-04,2013-12-02,2013-11-11,2,58.33,Queen Cozinha,"Alameda dos Canàrios, 891",Sao Paulo,South America,05487-020,Brazil
10261,4,2012-07-19,2012-08-16,2012-07-30,2,3.05,Que Delícia,"Rua da Panificadora, 12",Rio de Janeiro,South America,02389-673,Brazil
10986,8,2014-03-30,2014-04-27,2014-04-21,2,217.86,Océano Atlántico Ltda.,Ing. Gustavo Moncada 8585 Piso 20-A,Buenos Aires,South America,1010,Argentina
11059,2,2014-04-29,2014-06-10,,2,85.80,Ricardo Adocicados,"Av. Copacabana, 267",Rio de Janeiro,South America,02389-890,Brazil
10259,4,2012-07-18,2012-08-15,2012-07-25,3,3.25,Centro comercial Moctezuma,Sierras de Granada 9993,México D.F.,Central America,05022,Mexico
10325,1,2012-10-09,2012-10-23,2012-10-14,3,64.86,Königlich Essen,Maubelstr. 90,Brandenburg,Western Europe,14776,Germany
10669,2,2013-09-15,2013-10-13,2013-09-22,1,24.39,Simons bistro,Vinbæltet 34,Kobenhavn,Northern Europe,1734,Denmark
10914,6,2014-02-27,2014-03-27,2014-03-02,1,21.19,Queen Cozinha,"Alameda dos Canàrios, 891",Sao Paulo,South America,05487-020,Brazil
11013,2,2014-04-09,2014-05-07,2014-04-10,1,32.99,Romero y tomillo,"Gran Vía, 1",Madrid,Southern Europe,28001,Spain
10564,4,2013-06-10,2013-07-08,2013-06-16,3,13.75,Rattlesnake Canyon Grocery,2817 Milton Dr.,Albuquerque,North America,87110,USA
10872,5,2014-02-05,2014-03-05,2014-02-09,2,175.32,Godos Cocina Típica,"C/ Romero, 33",Sevilla,Southern Europe,41101,Spain
11053,2,2014-04-27,2014-05-25,2014-04-29,2,53.05,Piccolo und mehr,Geislweg 14,Salzburg,Western Europe,5020,Austria
11009,2,2014-04-08,2014-05-06,2014-04-10,1,59.11,Godos Cocina Típica,"C/ Romero, 33",Sevilla,Southern Europe,41101,Spain
10920,4,2014-03-03,2014-03-31,2014-03-09,2,29.61,Around the Horn,Brook Farm Stratford St. Mary,Colchester,British Isles,CO7 6JX,UK
10661,7,2013-09-09,2013-10-07,2013-09-15,3,17.55,Hungry Owl All-Night Grocers,8 Johnstown Road,Cork,British Isles,,Ireland
10970,9,2014-03-24,2014-04-07,2014-04-24,1,16.16,Bólido Comidas preparadas,"C/ Araquil, 67",Madrid,Southern Europe,28023,Spain
10886,1,2014-02-13,2014-03-13,2014-03-02,1,4.99,Hanari Carnes,"Rua do Paço, 67",Rio de Janeiro,South America,05454-876,Brazil
10686,2,2013-09-30,2013-10-28,2013-10-08,1,96.50,Piccolo und mehr,Geislweg 14,Salzburg,Western Europe,5020,Austria
10735,6,2013-11-10,2013-12-08,2013-11-21,2,45.97,Let's Stop N Shop,87 Polk St. Suite 5,San Francisco,North America,94117,USA
10268,8,2012-07-30,2012-08-27,2012-08-02,3,66.29,GROSELLA-Restaurante,5ª Ave. Los Palos Grandes,Caracas,South America,1081,Venezuela
10981,1,2014-03-27,2014-04-24,2014-04-02,2,193.37,Hanari Carnes,"Rua do Paço, 67",Rio de Janeiro,South America,05454-876,Brazil
10918,3,2014-03-02,2014-03-30,2014-03-11,3,48.83,Bottom-Dollar Markets,23 Tsawassen Blvd.,Tsawassen,North America,T2F 8M4,Canada
10257,4,2012-07-16,2012-08-13,2012-07-22,3,81.91,HILARION-Abastos,Carrera 22 con Ave. Carlos Soublette #8-35,San Cristóbal,South America,5022,Venezuela
10750,9,2013-11-21,2013-12-19,2013-11-24,1,79.30,Wartian Herkku,Torikatu 38,Oulu,Scandinavia,90110,Finland
10977,8,2014-03-26,2014-04-23,2014-04-10,3,208.50,Folk och fä HB,Åkergatan 24,Bräcke,Northern Europe,S-844 67,Sweden
10666,7,2013-09-12,2013-10-10,2013-09-22,2,232.42,Richter Supermarkt,Starenweg 5,Genève,Western Europe,1204,Switzerland
10912,2,2014-02-26,2014-03-26,2014-03-18,2,580.91,Hungry Owl All-Night Grocers,8 Johnstown Road,Cork,British Isles,,Ireland
10389,4,2012-12-20,2013-01-17,2012-12-24,2,47.42,Bottom-Dollar Markets,23 Tsawassen Blvd.,Tsawassen,North America,T2F 8M4,Canada
10995,1,2014-04-02,2014-04-30,2014-04-06,3,46.00,Pericles Comidas clásicas,Calle Dr. Jorge Cash 321,México D.F.,Central America,05033,Mexico
10331,9,2012-10-16,2012-11-27,2012-10-21,1,10.19,Bon app',"12, rue des Bouchers",Marseille,Western Europe,13008,France
10990,2,2014-04-01,2014-05-13,2014-04-07,3,117.61,Ernst Handel,Kirchgasse 6,Graz,Western Europe,8010,Austria
10624,4,2013-08-07,2013-09-04,2013-08-19,2,94.80,The Cracker Box,55 Grizzly Peak Rd.,Butte,North America,59801,USA
10742,3,2013-11-14,2013-12-12,2013-11-18,3,243.73,Bottom-Dollar Markets,23 Tsawassen Blvd.,Tsawassen,North America,T2F 8M4,Canada
10437,8,2013-02-05,2013-03-05,2013-02-12,1,19.97,Wartian Herkku,Torikatu 38,Oulu,Scandinavia,90110,Finland
10811,8,2014-01-02,2014-01-30,2014-01-08,1,31.22,LINO-Delicateses,Ave. 5 de Mayo Porlamar,I. de Margarita,South America,4980,Venezuela
11037,7,2014-04-21,2014-05-19,2014-04-27,1,3.20,Godos Cocina Típica,"C/ Romero, 33",Sevilla,Southern Europe,41101,Spain
10484,3,2013-03-24,2013-04-21,2013-04-01,3,6.88,B's Beverages,Fauntleroy Circus,London,British Isles,EC2 5NT,UK
10273,3,2012-08-05,2012-09-02,2012-08-12,3,76.07,QUICK-Stop,Taucherstraße 10,Cunewalde,Western Europe,01307,Germany
10311,1,2012-09-20,2012-10-04,2012-09-26,3,24.69,Du monde entier,"67, rue des Cinquante Otages",Nantes,Western Europe,44000,France
10283,3,2012-08-16,2012-09-13,2012-08-23,3,84.81,LILA-Supermercado,Carrera 52 con Ave. Bolívar #65-98 Llano Largo,Barquisimeto,South America,3508,Venezuela
10793,3,2013-12-24,2014-01-21,2014-01-08,3,4.52,Around the Horn,Brook Farm Stratford St. Mary,Colchester,British Isles,CO7 6JX,UK
10668,1,2013-09-15,2013-10-13,2013-09-23,2,47.22,Die Wandernde Kuh,Adenauerallee 900,Stuttgart,Western Europe,70563,Germany
10779,3,2013-12-16,2014-01-13,2014-01-14,2,58.13,Morgenstern Gesundkost,Heerstr. 22,Leipzig,Western Europe,04179,Germany
10423,6,2013-01-23,2013-02-06,2013-02-24,3,24.50,Gourmet Lanchonetes,"Av. Brasil, 442",Campinas,South America,04876-786,Brazil
11000,2,2014-04-06,2014-05-04,2014-04-14,3,55.12,Rattlesnake Canyon Grocery,2817 Milton Dr.,Albuquerque,North America,87110,USA
10444,3,2013-02-12,2013-03-12,2013-02-21,3,3.50,Berglunds snabbköp,Berguvsvägen  8,Luleå,Northern Europe,S-958 22,Sweden
10576,3,2013-06-23,2013-07-07,2013-06-30,3,18.56,Tortuga Restaurante,Avda. Azteca 123,México D.F.,Central America,05033,Mexico
10878,4,2014-02-10,2014-03-10,2014-02-12,1,46.69,QUICK-Stop,Taucherstraße 10,Cunewalde,Western Europe,01307,Germany
10959,6,2014-03-18,2014-04-29,2014-03-23,2,4.98,Gourmet Lanchonetes,"Av. Brasil, 442",Campinas,South America,04876-786,Brazil
10471,2,2013-03-11,2013-04-08,2013-03-18,3,45.59,B's Beverages,Fauntleroy Circus,London,British Isles,EC2 5NT,UK
10512,7,2013-04-21,2013-05-19,2013-04-24,2,3.53,Familia Arquibaldo,"Rua Orós, 92",Sao Paulo,South America,05442-030,Brazil
10957,8,2014-03-18,2014-04-15,2014-03-27,3,105.36,HILARION-Abastos,Carrera 22 con Ave. Carlos Soublette #8-35,San Cristóbal,South America,5022,Venezuela
11076,4,2014-05-06,2014-06-03,,2,38.28,Bon app',"12, rue des Bouchers",Marseille,Western Europe,13008,France
10939,2,2014-03-10,2014-04-07,2014-03-13,2,76.33,Magazzini Alimentari Riuniti,Via Ludovico il Moro 22,Bergamo,Southern Europe,24100,Italy
10610,8,2013-07-25,2013-08-22,2013-08-06,1,26.78,La maison d'Asie,1 rue Alsace-Lorraine,Toulouse,Western Europe,31000,France
10405,1,2013-01-06,2013-02-03,2013-01-22,1,34.82,LINO-Delicateses,Ave. 5 de Mayo Porlamar,I. de Margarita,South America,4980,Venezuela
10382,4,2012-12-13,2013-01-10,2012-12-16,1,94.77,Ernst Handel,Kirchgasse 6,Graz,Western Europe,8010,Austria
10802,4,2013-12-29,2014-01-26,2014-01-02,2,257.26,Simons bistro,Vinbæltet 34,Kobenhavn,Northern Europe,1734,Denmark
11067,1,2014-05-04,2014-05-18,2014-05-06,2,7.98,Drachenblut Delikatessen,Walserweg 21,Aachen,Western Europe,52066,Germany
10681,3,2013-09-25,2013-10-23,2013-09-30,3,76.13,Great Lakes Food Market,2732 Baker Blvd.,Eugene,North America,97403,USA
10844,8,2014-01-21,2014-02-18,2014-01-26,2,25.22,Piccolo und mehr,Geislweg 14,Salzburg,Western Europe,5020,Austria
10709,1,2013-10-17,2013-11-14,2013-11-20,3,210.80,Gourmet Lanchonetes,"Av. Brasil, 442",Campinas,South America,04876-786,Brazil
10445,3,2013-02-13,2013-03-13,2013-02-20,1,9.30,Berglunds snabbköp,Berguvsvägen  8,Luleå,Northern Europe,S-958 22,Sweden
10399,8,2012-12-31,2013-01-14,2013-01-08,3,27.36,Vaffeljernet,Smagsloget 45,Århus,Northern Europe,8200,Denmark
10609,7,2013-07-24,2013-08-21,2013-07-30,2,1.85,Du monde entier,"67, rue des Cinquante Otages",Nantes,Western Europe,44000,France
10566,9,2013-06-12,2013-07-10,2013-06-18,1,88.40,Blondel père et fils,"24, place Kléber",Strasbourg,Western Europe,67000,France
10414,2,2013-01-14,2013-02-11,2013-01-17,3,21.48,Familia Arquibaldo,"Rua Orós, 92",Sao Paulo,South America,05442-030,Brazil
10386,9,2012-12-18,2013-01-01,2012-12-25,3,13.99,Familia Arquibaldo,"Rua Orós, 92",Sao Paulo,South America,05442-030,Brazil
10551,4,2013-05-28,2013-07-09,2013-06-06,3,72.95,Furia Bacalhau e Frutos do Mar,Jardim das rosas n. 32,Lisboa,Southern Europe,1675,Portugal
10722,8,2013-10-29,2013-12-10,2013-11-04,1,74.58,Save-a-lot Markets,187 Suffolk Ln.,Boise,North America,83720,USA
10693,3,2013-10-06,2013-10-20,2013-10-10,3,139.34,White Clover Markets,1029 - 12th Ave. S.,Seattle,North America,98124,USA
11015,2,2014-04-10,2014-04-24,2014-04-20,2,4.62,Santé Gourmet,Erling Skakkes gate 78,Stavern,Scandinavia,4110,Norway
10659,7,2013-09-05,2013-10-03,2013-09-10,2,105.81,Queen Cozinha,"Alameda dos Canàrios, 891",Sao Paulo,South America,05487-020,Brazil
10711,5,2013-10-21,2013-12-02,2013-10-29,2,52.41,Save-a-lot Markets,187 Suffolk Ln.,Boise,North America,83720,USA
11056,8,2014-04-28,2014-05-12,2014-05-01,2,278.96,Eastern Connection,35 King George,London,British Isles,WX3 6FW,UK
10568,3,2013-06-13,2013-07-11,2013-07-09,3,6.54,Galería del gastronómo,"Rambla de Cataluña, 23",Barcelona,Southern Europe,8022,Spain
10549,5,2013-05-27,2013-06-10,2013-05-30,1,171.24,QUICK-Stop,Taucherstraße 10,Cunewalde,Western Europe,01307,Germany
10712,3,2013-10-21,2013-11-18,2013-10-31,1,89.93,Hungry Owl All-Night Grocers,8 Johnstown Road,Cork,British Isles,,Ireland
11020,2,2014-04-14,2014-05-12,2014-04-16,2,43.30,Ottilies Käseladen,Mehrheimerstr. 369,Köln,Western Europe,50739,Germany
10941,7,2014-03-11,2014-04-08,2014-03-20,2,400.81,Save-a-lot Markets,187 Suffolk Ln.,Boise,North America,83720,USA
10379,2,2012-12-11,2013-01-08,2012-12-13,1,45.03,Que Delícia,"Rua da Panificadora, 12",Rio de Janeiro,South America,02389-673,Brazil
10415,3,2013-01-15,2013-02-12,2013-01-24,1,0.20,Hungry Coyote Import Store,City Center Plaza 516 Main St.,Elgin,North America,97827,USA
10377,1,2012-12-09,2013-01-06,2012-12-13,3,22.21,Seven Seas Imports,90 Wadhurst Rd.,London,British Isles,OX15 4NB,UK
10857,8,2014-01-28,2014-02-25,2014-02-06,2,188.85,Berglunds snabbköp,Berguvsvägen  8,Luleå,Northern Europe,S-958 22,Sweden
10550,7,2013-05-28,2013-06-25,2013-06-06,3,4.32,Godos Cocina Típica,"C/ Romero, 33",Sevilla,Southern Europe,41101,Spain
10829,9,2014-01-13,2014-02-10,2014-01-23,1,154.72,Island Trading,Garden House Crowther Way,Cowes,British Isles,PO31 7PJ,UK
10587,1,2013-07-02,2013-07-30,2013-07-09,1,62.52,Que Delícia,"Rua da Panificadora, 12",Rio de Janeiro,South America,02389-673,Brazil
10314,1,2012-09-25,2012-10-23,2012-10-04,2,74.16,Rattlesnake Canyon Grocery,2817 Milton Dr.,Albuquerque,North America,87110,USA
11070,2,2014-05-05,2014-06-02,,1,136.00,Lehmanns Marktstand,Magazinweg 7,Frankfurt a.M.,Western Europe,60528,Germany
11011,3,2014-04-09,2014-05-07,2014-04-13,1,1.21,Alfred's Futterkiste,Obere Str. 57,Berlin,Western Europe,12209,Germany
10599,6,2013-07-15,2013-08-26,2013-07-21,3,29.98,B's Beverages,Fauntleroy Circus,London,British Isles,EC2 5NT,UK
10518,4,2013-04-25,2013-05-09,2013-05-05,2,218.15,Tortuga Restaurante,Avda. Azteca 123,México D.F.,Central America,05033,Mexico
10359,5,2012-11-21,2012-12-19,2012-11-26,3,288.43,Seven Seas Imports,90 Wadhurst Rd.,London,British Isles,OX15 4NB,UK
10782,9,2013-12-17,2014-01-14,2013-12-22,3,1.10,Cactus Comidas para llevar,Cerrito 333,Buenos Aires,South America,1010,Argentina
10574,4,2013-06-19,2013-07-17,2013-06-30,2,37.60,Trail's Head Gourmet Provisioners,722 DaVinci Blvd.,Kirkland,North America,98034,USA
10640,4,2013-08-21,2013-09-18,2013-08-28,1,23.55,Die Wandernde Kuh,Adenauerallee 900,Stuttgart,Western Europe,70563,Germany
10702,4,2013-10-13,2013-11-24,2013-10-21,1,23.94,Alfred's Futterkiste,Obere Str. 57,Berlin,Western Europe,12209,Germany
10289,7,2012-08-26,2012-09-23,2012-08-28,3,22.77,B's Beverages,Fauntleroy Circus,London,British Isles,EC2 5NT,UK
10674,4,2013-09-18,2013-10-16,2013-09-30,2,0.90,Island Trading,Garden House Crowther Way,Cowes,British Isles,PO31 7PJ,UK
10948,3,2014-03-13,2014-04-10,2014-03-19,3,23.39,Godos Cocina Típica,"C/ Romero, 33",Sevilla,Southern Europe,41101,Spain
10403,4,2013-01-03,2013-01-31,2013-01-09,3,73.79,Ernst Handel,Kirchgasse 6,Graz,Western Europe,8010,Austria
10481,8,2013-03-20,2013-04-17,2013-03-25,2,64.33,Ricardo Adocicados,"Av. Copacabana, 267",Rio de Janeiro,South America,02389-890,Brazil
10362,3,2012-11-25,2012-12-23,2012-11-28,1,96.04,Bon app',"12, rue des Bouchers",Marseille,Western Europe,13008,France
10976,1,2014-03-25,2014-05-06,2014-04-03,1,37.97,HILARION-Abastos,Carrera 22 con Ave. Carlos Soublette #8-35,San Cristóbal,South America,5022,Venezuela
10556,2,2013-06-03,2013-07-15,2013-06-13,1,9.80,Simons bistro,Vinbæltet 34,Kobenhavn,Northern Europe,1734,Denmark
10583,2,2013-06-30,2013-07-28,2013-07-04,2,7.28,Wartian Herkku,Torikatu 38,Oulu,Scandinavia,90110,Finland
10277,2,2012-08-09,2012-09-06,2012-08-13,3,125.77,Morgenstern Gesundkost,Heerstr. 22,Leipzig,Western Europe,04179,Germany
10815,2,2014-01-05,2014-02-02,2014-01-14,3,14.62,Save-a-lot Markets,187 Suffolk Ln.,Boise,North America,83720,USA
10849,9,2014-01-23,2014-02-20,2014-01-30,2,0.56,Königlich Essen,Maubelstr. 90,Brandenburg,Western Europe,14776,Germany
10367,7,2012-11-28,2012-12-26,2012-12-02,3,13.55,Vaffeljernet,Smagsloget 45,Århus,Northern Europe,8200,Denmark
10320,5,2012-10-03,2012-10-17,2012-10-18,3,34.57,Wartian Herkku,Torikatu 38,Oulu,Scandinavia,90110,Finland
10794,6,2013-12-24,2014-01-21,2014-01-02,1,21.49,Que Delícia,"Rua da Panificadora, 12",Rio de Janeiro,South America,02389-673,Brazil
10801,4,2013-12-29,2014-01-26,2013-12-31,2,97.09,Bólido Comidas preparadas,"C/ Araquil, 67",Madrid,Southern Europe,28023,Spain
10910,1,2014-02-26,2014-03-26,2014-03-04,3,38.11,Wilman Kala,Keskuskatu 45,Helsinki,Scandinavia,21240,Finland
10662,3,2013-09-09,2013-10-07,2013-09-18,2,1.28,Lonesome Pine Restaurant,89 Chiaroscuro Rd.,Portland,North America,97219,USA
10843,4,2014-01-21,2014-02-18,2014-01-26,2,9.26,Victuailles en stock,"2, rue du Commerce",Lyon,Western Europe,69004,France
10441,3,2013-02-10,2013-03-24,2013-03-14,2,73.02,Old World Delicatessen,2743 Bering St.,Anchorage,North America,99508,USA
10500,6,2013-04-09,2013-05-07,2013-04-17,1,42.68,La maison d'Asie,1 rue Alsace-Lorraine,Toulouse,Western Europe,31000,France
10526,4,2013-05-05,2013-06-02,2013-05-15,2,58.59,Wartian Herkku,Torikatu 38,Oulu,Scandinavia,90110,Finland
10543,8,2013-05-21,2013-06-18,2013-05-23,2,48.17,LILA-Supermercado,Carrera 52 con Ave. Bolívar #65-98 Llano Largo,Barquisimeto,South America,3508,Venezuela
10496,7,2013-04-04,2013-05-02,2013-04-07,2,46.77,Tradiçao Hipermercados,"Av. Inês de Castro, 414",Sao Paulo,South America,05634-030,Brazil
10497,7,2013-04-04,2013-05-02,2013-04-07,1,36.21,Lehmanns Marktstand,Magazinweg 7,Frankfurt a.M.,Western Europe,60528,Germany
10951,9,2014-03-16,2014-04-27,2014-04-07,2,30.85,Richter Supermarkt,Starenweg 5,Genève,Western Europe,1204,Switzerland
10330,3,2012-10-16,2012-11-13,2012-10-28,1,12.75,LILA-Supermercado,Carrera 52 con Ave. Bolívar #65-98 Llano Largo,Barquisimeto,South America,3508,Venezuela
10250,4,2012-07-08,2012-08-05,2012-07-12,2,65.83,Hanari Carnes,"Rua do Paço, 67",Rio de Janeiro,South America,05454-876,Brazil
10614,8,2013-07-29,2013-08-26,2013-08-01,3,1.93,Blauer See Delikatessen,Forsterstr. 57,Mannheim,Western Europe,68306,Germany
10475,9,2013-03-14,2013-04-11,2013-04-04,1,68.52,Suprêmes délices,"Boulevard Tirou, 255",Charleroi,Western Europe,B-6000,Belgium
10917,4,2014-03-02,2014-03-30,2014-03-11,2,8.29,Romero y tomillo,"Gran Vía, 1",Madrid,Southern Europe,28001,Spain
10692,4,2013-10-03,2013-10-31,2013-10-13,2,61.02,Alfred's Futterkiste,Obere Str. 57,Berlin,Western Europe,12209,Germany
10783,4,2013-12-18,2014-01-15,2013-12-19,2,124.98,Hanari Carnes,"Rua do Paço, 67",Rio de Janeiro,South America,05454-876,Brazil
10831,3,2014-01-14,2014-02-11,2014-01-23,2,72.19,Santé Gourmet,Erling Skakkes gate 78,Stavern,Scandinavia,4110,Norway
10798,2,2013-12-26,2014-01-23,2014-01-05,1,2.33,Island Trading,Garden House Crowther Way,Cowes,British Isles,PO31 7PJ,UK
10752,2,2013-11-24,2013-12-22,2013-11-28,3,1.39,North/South,South House 300 Queensbridge,London,British Isles,SW7 1RZ,UK
10773,1,2013-12-11,2014-01-08,2013-12-16,3,96.43,Ernst Handel,Kirchgasse 6,Graz,Western Europe,8010,Austria
10333,5,2012-10-18,2012-11-15,2012-10-25,3,0.59,Wartian Herkku,Torikatu 38,Oulu,Scandinavia,90110,Finland
11071,1,2014-05-05,2014-06-02,,1,0.93,LILA-Supermercado,Carrera 52 con Ave. Bolívar #65-98 Llano Largo,Barquisimeto,South America,3508,Venezuela
10348,4,2012-11-07,2012-12-05,2012-11-15,2,0.78,Die Wandernde Kuh,Adenauerallee 900,Stuttgart,Western Europe,70563,Germany
10252,4,2012-07-09,2012-08-06,2012-07-11,2,51.30,Suprêmes délices,"Boulevard Tirou, 255",Charleroi,Western Europe,B-6000,Belgium
10673,2,2013-09-18,2013-10-16,2013-09-19,1,22.76,Wilman Kala,Keskuskatu 45,Helsinki,Scandinavia,21240,Finland
10602,8,2013-07-17,2013-08-14,2013-07-22,2,2.92,Vaffeljernet,Smagsloget 45,Århus,Northern Europe,8200,Denmark
10424,7,2013-01-23,2013-02-20,2013-01-27,2,370.61,Mère Paillarde,43 rue St. Laurent,Montréal,North America,H1J 1C3,Canada
10748,3,2013-11-20,2013-12-18,2013-11-28,1,232.55,Save-a-lot Markets,187 Suffolk Ln.,Boise,North America,83720,USA
10663,2,2013-09-10,2013-09-24,2013-10-03,2,113.15,Bon app',"12, rue des Bouchers",Marseille,Western Europe,13008,France
10994,2,2014-04-02,2014-04-16,2014-04-09,3,65.53,Vaffeljernet,Smagsloget 45,Århus,Northern Europe,8200,Denmark
11048,7,2014-04-24,2014-05-22,2014-04-30,3,24.12,Bottom-Dollar Markets,23 Tsawassen Blvd.,Tsawassen,North America,T2F 8M4,Canada
10427,4,2013-01-27,2013-02-24,2013-03-03,2,31.29,Piccolo und mehr,Geislweg 14,Salzburg,Western Europe,5020,Austria
10935,4,2014-03-09,2014-04-06,2014-03-18,3,47.59,Wellington Importadora,"Rua do Mercado, 12",Resende,South America,08737-363,Brazil
10586,9,2013-07-02,2013-07-30,2013-07-09,1,0.48,Reggiani Caseifici,Strada Provinciale 124,Reggio Emilia,Southern Europe,42100,Italy
10676,2,2013-09-22,2013-10-20,2013-09-29,2,2.01,Tortuga Restaurante,Avda. Azteca 123,México D.F.,Central America,05033,Mexico
10509,4,2013-04-17,2013-05-15,2013-04-29,1,0.15,Blauer See Delikatessen,Forsterstr. 57,Mannheim,Western Europe,68306,Germany
10890,7,2014-02-16,2014-03-16,2014-02-18,1,32.76,Du monde entier,"67, rue des Cinquante Otages",Nantes,Western Europe,44000,France
10264,6,2012-07-24,2012-08-21,2012-08-23,3,3.67,Folk och fä HB,Åkergatan 24,Bräcke,Northern Europe,S-844 67,Sweden
10751,3,2013-11-24,2013-12-22,2013-12-03,3,130.79,Richter Supermarkt,Starenweg 5,Genève,Western Europe,1204,Switzerland
10539,6,2013-05-16,2013-06-13,2013-05-23,3,12.36,B's Beverages,Fauntleroy Circus,London,British Isles,EC2 5NT,UK
10278,8,2012-08-12,2012-09-09,2012-08-16,2,92.69,Berglunds snabbköp,Berguvsvägen  8,Luleå,Northern Europe,S-958 22,Sweden
10267,4,2012-07-29,2012-08-26,2012-08-06,1,208.58,Frankenversand,Berliner Platz 43,München,Western Europe,80805,Germany
10961,8,2014-03-19,2014-04-16,2014-03-30,1,104.47,Queen Cozinha,"Alameda dos Canàrios, 891",Sao Paulo,South America,05487-020,Brazil
10800,1,2013-12-26,2014-01-23,2014-01-05,3,137.44,Seven Seas Imports,90 Wadhurst Rd.,London,British Isles,OX15 4NB,UK
10460,8,2013-02-28,2013-03-28,2013-03-03,1,16.27,Folk och fä HB,Åkergatan 24,Bräcke,Northern Europe,S-844 67,Sweden
11023,1,2014-04-14,2014-04-28,2014-04-24,2,123.83,B's Beverages,Fauntleroy Circus,London,British Isles,EC2 5NT,UK
10486,1,2013-03-26,2013-04-23,2013-04-02,2,30.53,HILARION-Abastos,Carrera 22 con Ave. Carlos Soublette #8-35,San Cristóbal,South America,5022,Venezuela
11027,1,2014-04-16,2014-05-14,2014-04-20,1,52.52,Bottom-Dollar Markets,23 Tsawassen Blvd.,Tsawassen,North America,T2F 8M4,Canada
10654,5,2013-09-02,2013-09-30,2013-09-11,1,55.26,Berglunds snabbköp,Berguvsvägen  8,Luleå,Northern Europe,S-958 22,Sweden
10324,9,2012-10-08,2012-11-05,2012-10-10,1,214.27,Save-a-lot Markets,187 Suffolk Ln.,Boise,North America,83720,USA
10534,8,2013-05-12,2013-06-09,2013-05-14,2,27.94,Lehmanns Marktstand,Magazinweg 7,Frankfurt a.M.,Western Europe,60528,Germany
10810,2,2014-01-01,2014-01-29,2014-01-07,3,4.33,Laughing Bacchus Wine Cellars,2319 Elm St.,Vancouver,North America,V3F 2K1,Canada
10754,6,2013-11-25,2013-12-23,2013-11-27,3,2.38,Magazzini Alimentari Riuniti,Via Ludovico il Moro 22,Bergamo,Southern Europe,24100,Italy
10433,3,2013-02-03,2013-03-03,2013-03-04,3,73.83,Princesa Isabel Vinhos,Estrada da saúde n. 58,Lisboa,Southern Europe,1756,Portugal
10747,6,2013-11-19,2013-12-17,2013-11-26,1,117.33,Piccolo und mehr,Geislweg 14,Salzburg,Western Europe,5020,Austria
10864,4,2014-02-02,2014-03-02,2014-02-09,2,3.04,Around the Horn,Brook Farm Stratford St. Mary,Colchester,British Isles,CO7 6JX,UK
10596,8,2013-07-11,2013-08-08,2013-08-12,1,16.34,White Clover Markets,1029 - 12th Ave. S.,Seattle,North America,98124,USA
10628,4,2013-08-12,2013-09-09,2013-08-20,3,30.36,Blondel père et fils,"24, place Kléber",Strasbourg,Western Europe,67000,France
10687,9,2013-09-30,2013-10-28,2013-10-30,2,296.43,Hungry Owl All-Night Grocers,8 Johnstown Road,Cork,British Isles,,Ireland
10699,3,2013-10-09,2013-11-06,2013-10-13,3,0.58,Morgenstern Gesundkost,Heerstr. 22,Leipzig,Western Europe,04179,Germany
10616,1,2013-07-31,2013-08-28,2013-08-05,2,116.53,Great Lakes Food Market,2732 Baker Blvd.,Eugene,North America,97403,USA
10254,5,2012-07-11,2012-08-08,2012-07-23,2,22.98,Chop-suey Chinese,Hauptstr. 31,Bern,Western Europe,3012,Switzerland
10765,3,2013-12-04,2014-01-01,2013-12-09,3,42.74,QUICK-Stop,Taucherstraße 10,Cunewalde,Western Europe,01307,Germany
10943,4,2014-03-11,2014-04-08,2014-03-19,2,2.17,B's Beverages,Fauntleroy Circus,London,British Isles,EC2 5NT,UK
10639,7,2013-08-20,2013-09-17,2013-08-27,3,38.64,Santé Gourmet,Erling Skakkes gate 78,Stavern,Scandinavia,4110,Norway
10637,6,2013-08-19,2013-09-16,2013-08-26,1,201.29,Queen Cozinha,"Alameda dos Canàrios, 891",Sao Paulo,South America,05487-020,Brazil
10707,4,2013-10-16,2013-10-30,2013-10-23,3,21.74,Around the Horn,Brook Farm Stratford St. Mary,Colchester,British Isles,CO7 6JX,UK
10281,4,2012-08-14,2012-08-28,2012-08-21,1,2.94,Romero y tomillo,"Gran Vía, 1",Madrid,Southern Europe,28001,Spain
10816,4,2014-01-06,2014-02-03,2014-02-04,2,719.78,Great Lakes Food Market,2732 Baker Blvd.,Eugene,North America,97403,USA
10490,7,2013-03-31,2013-04-28,2013-04-03,2,210.19,HILARION-Abastos,Carrera 22 con Ave. Carlos Soublette #8-35,San Cristóbal,South America,5022,Venezuela
10954,5,2014-03-17,2014-04-28,2014-03-20,1,27.91,LINO-Delicateses,Ave. 5 de Mayo Porlamar,I. de Margarita,South America,4980,Venezuela
10552,2,2013-05-29,2013-06-26,2013-06-05,1,83.22,HILARION-Abastos,Carrera 22 con Ave. Carlos Soublette #8-35,San Cristóbal,South America,5022,Venezuela
10463,5,2013-03-04,2013-04-01,2013-03-06,3,14.78,Suprêmes délices,"Boulevard Tirou, 255",Charleroi,Western Europe,B-6000,Belgium
11041,3,2014-04-22,2014-05-20,2014-04-28,2,48.22,Chop-suey Chinese,Hauptstr. 31,Bern,Western Europe,3012,Switzerland
10561,2,2013-06-06,2013-07-04,2013-06-09,2,242.21,Folk och fä HB,Åkergatan 24,Bräcke,Northern Europe,S-844 67,Sweden
10483,7,2013-03-24,2013-04-21,2013-04-25,2,15.28,White Clover Markets,1029 - 12th Ave. S.,Seattle,North America,98124,USA
10618,1,2013-08-01,2013-09-12,2013-08-08,1,154.68,Mère Paillarde,43 rue St. Laurent,Montréal,North America,H1J 1C3,Canada
10774,4,2013-12-11,2013-12-25,2013-12-12,1,48.20,Folk och fä HB,Åkergatan 24,Bräcke,Northern Europe,S-844 67,Sweden
10805,2,2013-12-30,2014-01-27,2014-01-09,3,237.34,The Big Cheese,89 Jefferson Way Suite 2,Portland,North America,97201,USA
10577,9,2013-06-23,2013-08-04,2013-06-30,2,25.41,Trail's Head Gourmet Provisioners,722 DaVinci Blvd.,Kirkland,North America,98034,USA
10820,3,2014-01-07,2014-02-04,2014-01-13,2,37.52,Rattlesnake Canyon Grocery,2817 Milton Dr.,Albuquerque,North America,87110,USA
10745,9,2013-11-18,2013-12-16,2013-11-27,1,3.52,QUICK-Stop,Taucherstraße 10,Cunewalde,Western Europe,01307,Germany
10513,7,2013-04-22,2013-06-03,2013-04-28,1,105.65,Die Wandernde Kuh,Adenauerallee 900,Stuttgart,Western Europe,70563,Germany
10335,7,2012-10-22,2012-11-19,2012-10-24,2,42.11,Hungry Owl All-Night Grocers,8 Johnstown Road,Cork,British Isles,,Ireland
10704,6,2013-10-14,2013-11-11,2013-11-07,1,4.78,Queen Cozinha,"Alameda dos Canàrios, 891",Sao Paulo,South America,05487-020,Brazil
10251,3,2012-07-08,2012-08-05,2012-07-15,1,41.34,Victuailles en stock,"2, rue du Commerce",Lyon,Western Europe,69004,France
10913,4,2014-02-26,2014-03-26,2014-03-04,1,33.05,Queen Cozinha,"Alameda dos Canàrios, 891",Sao Paulo,South America,05487-020,Brazil
10595,2,2013-07-10,2013-08-07,2013-07-14,1,96.78,Ernst Handel,Kirchgasse 6,Graz,Western Europe,8010,Austria
10670,4,2013-09-16,2013-10-14,2013-09-18,1,203.48,Frankenversand,Berliner Platz 43,München,Western Europe,80805,Germany
10703,6,2013-10-14,2013-11-11,2013-10-20,2,152.30,Folk och fä HB,Åkergatan 24,Bräcke,Northern Europe,S-844 67,Sweden
10383,8,2012-12-16,2013-01-13,2012-12-18,3,34.24,Around the Horn,Brook Farm Stratford St. Mary,Colchester,British Isles,CO7 6JX,UK
10931,4,2014-03-06,2014-03-20,2014-03-19,2,13.60,Richter Supermarkt,Starenweg 5,Genève,Western Europe,1204,Switzerland
10301,8,2012-09-09,2012-10-07,2012-09-17,2,45.08,Die Wandernde Kuh,Adenauerallee 900,Stuttgart,Western Europe,70563,Germany
10541,2,2013-05-19,2013-06-16,2013-05-29,1,68.65,Hanari Carnes,"Rua do Paço, 67",Rio de Janeiro,South America,05454-876,Brazil
10898,4,2014-02-20,2014-03-20,2014-03-06,2,1.27,Océano Atlántico Ltda.,Ing. Gustavo Moncada 8585 Piso 20-A,Buenos Aires,South America,1010,Argentina
10790,6,2013-12-22,2014-01-19,2013-12-26,1,28.23,Gourmet Lanchonetes,"Av. Brasil, 442",Campinas,South America,04876-786,Brazil
10458,7,2013-02-26,2013-03-26,2013-03-04,3,147.06,Suprêmes délices,"Boulevard Tirou, 255",Charleroi,Western Europe,B-6000,Belgium
10508,1,2013-04-16,2013-05-14,2013-05-13,2,4.99,Ottilies Käseladen,Mehrheimerstr. 369,Köln,Western Europe,50739,Germany
10700,3,2013-10-10,2013-11-07,2013-10-16,1,65.10,Save-a-lot Markets,187 Suffolk Ln.,Boise,North America,83720,USA
10796,3,2013-12-25,2014-01-22,2014-01-14,1,26.52,HILARION-Abastos,Carrera 22 con Ave. Carlos Soublette #8-35,San Cristóbal,South America,5022,Venezuela
10398,2,2012-12-30,2013-01-27,2013-01-09,3,89.16,Save-a-lot Markets,187 Suffolk Ln.,Boise,North America,83720,USA
10316,1,2012-09-27,2012-10-25,2012-10-08,3,150.15,Rattlesnake Canyon Grocery,2817 Milton Dr.,Albuquerque,North America,87110,USA
10613,4,2013-07-29,2013-08-26,2013-08-01,2,8.11,HILARION-Abastos,Carrera 22 con Ave. Carlos Soublette #8-35,San Cristóbal,South America,5022,Venezuela
10393,1,2012-12-25,2013-01-22,2013-01-03,3,126.56,Save-a-lot Markets,187 Suffolk Ln.,Boise,North America,83720,USA
10447,4,2013-02-14,2013-03-14,2013-03-07,2,68.66,Ricardo Adocicados,"Av. Copacabana, 267",Rio de Janeiro,South America,02389-890,Brazil
10874,5,2014-02-06,2014-03-06,2014-02-11,2,19.58,Godos Cocina Típica,"C/ Romero, 33",Sevilla,Southern Europe,41101,Spain
11006,3,2014-04-07,2014-05-05,2014-04-15,2,25.19,Great Lakes Food Market,2732 Baker Blvd.,Eugene,North America,97403,USA
10371,1,2012-12-03,2012-12-31,2012-12-24,1,0.45,La maison d'Asie,1 rue Alsace-Lorraine,Toulouse,Western Europe,31000,France
11022,9,2014-04-14,2014-05-12,2014-05-04,2,6.27,Hanari Carnes,"Rua do Paço, 67",Rio de Janeiro,South America,05454-876,Brazil
10494,4,2013-04-02,2013-04-30,2013-04-09,2,65.99,Comércio Mineiro,"Av. dos Lusíadas, 23",Sao Paulo,South America,05432-043,Brazil
10956,6,2014-03-17,2014-04-28,2014-03-20,2,44.65,Blauer See Delikatessen,Forsterstr. 57,Mannheim,Western Europe,68306,Germany
10416,8,2013-01-16,2013-02-13,2013-01-27,3,22.72,Wartian Herkku,Torikatu 38,Oulu,Scandinavia,90110,Finland
10519,6,2013-04-28,2013-05-26,2013-05-01,3,91.76,Chop-suey Chinese,Hauptstr. 31,Bern,Western Europe,3012,Switzerland
10344,4,2012-11-01,2012-11-29,2012-11-05,2,23.29,White Clover Markets,1029 - 12th Ave. S.,Seattle,North America,98124,USA
10495,3,2013-04-03,2013-05-01,2013-04-11,3,4.65,Laughing Bacchus Wine Cellars,2319 Elm St.,Vancouver,North America,V3F 2K1,Canada
10749,4,2013-11-20,2013-12-18,2013-12-19,2,61.53,Island Trading,Garden House Crowther Way,Cowes,British Isles,PO31 7PJ,UK
11001,2,2014-04-06,2014-05-04,2014-04-14,2,197.30,Folk och fä HB,Åkergatan 24,Bräcke,Northern Europe,S-844 67,Sweden
11043,5,2014-04-22,2014-05-20,2014-04-29,2,8.80,Spécialités du monde,"25, rue Lauriston",Paris,Western Europe,75016,France
10743,1,2013-11-17,2013-12-15,2013-11-21,2,23.72,Around the Horn,Brook Farm Stratford St. Mary,Colchester,British Isles,CO7 6JX,UK
10727,2,2013-11-03,2013-12-01,2013-12-05,1,89.90,Reggiani Caseifici,Strada Provinciale 124,Reggio Emilia,Southern Europe,42100,Italy
10270,1,2012-08-01,2012-08-29,2012-08-02,1,136.54,Wartian Herkku,Torikatu 38,Oulu,Scandinavia,90110,Finland
10631,8,2013-08-14,2013-09-11,2013-08-15,1,0.87,La maison d'Asie,1 rue Alsace-Lorraine,Toulouse,Western Europe,31000,France
10895,3,2014-02-18,2014-03-18,2014-02-23,1,162.75,Ernst Handel,Kirchgasse 6,Graz,Western Europe,8010,Austria
10507,7,2013-04-15,2013-05-13,2013-04-22,1,47.45,Antonio Moreno Taquería,Mataderos  2312,México D.F.,Central America,05023,Mexico
10256,3,2012-07-15,2012-08-12,2012-07-17,2,13.97,Wellington Importadora,"Rua do Mercado, 12",Resende,South America,08737-363,Brazil
10372,5,2012-12-04,2013-01-01,2012-12-09,2,890.78,Queen Cozinha,"Alameda dos Canàrios, 891",Sao Paulo,South America,05487-020,Brazil
10757,6,2013-11-27,2013-12-25,2013-12-15,1,8.19,Save-a-lot Markets,187 Suffolk Ln.,Boise,North America,83720,USA
10553,2,2013-05-30,2013-06-27,2013-06-03,2,149.49,Wartian Herkku,Torikatu 38,Oulu,Scandinavia,90110,Finland
10758,3,2013-11-28,2013-12-26,2013-12-04,3,138.17,Richter Supermarkt,Starenweg 5,Genève,Western Europe,1204,Switzerland
10402,8,2013-01-02,2013-02-13,2013-01-10,2,67.88,Ernst Handel,Kirchgasse 6,Graz,Western Europe,8010,Austria
10744,6,2013-11-17,2013-12-15,2013-11-24,1,69.19,Vaffeljernet,Smagsloget 45,Århus,Northern Europe,8200,Denmark
11049,3,2014-04-24,2014-05-22,2014-05-04,1,8.34,Gourmet Lanchonetes,"Av. Brasil, 442",Campinas,South America,04876-786,Brazil
10585,7,2013-07-01,2013-07-29,2013-07-10,1,13.41,Wellington Importadora,"Rua do Mercado, 12",Resende,South America,08737-363,Brazil
10511,4,2013-04-18,2013-05-16,2013-04-21,3,350.64,Bon app',"12, rue des Bouchers",Marseille,Western Europe,13008,France
10873,4,2014-02-06,2014-03-06,2014-02-09,1,0.82,Wilman Kala,Keskuskatu 45,Helsinki,Scandinavia,21240,Finland
10569,5,2013-06-16,2013-07-14,2013-07-11,1,58.98,Rattlesnake Canyon Grocery,2817 Milton Dr.,Albuquerque,North America,87110,USA
10456,8,2013-02-25,2013-04-08,2013-02-28,2,8.12,Königlich Essen,Maubelstr. 90,Brandenburg,Western Europe,14776,Germany
10660,8,2013-09-08,2013-10-06,2013-10-15,1,111.29,Hungry Coyote Import Store,City Center Plaza 516 Main St.,Elgin,North America,97827,USA
10438,3,2013-02-06,2013-03-06,2013-02-14,2,8.24,Toms Spezialitäten,Luisenstr. 48,Münster,Western Europe,44087,Germany
10740,4,2013-11-13,2013-12-11,2013-11-25,2,81.88,White Clover Markets,1029 - 12th Ave. S.,Seattle,North America,98124,USA
10300,2,2012-09-09,2012-10-07,2012-09-18,2,17.68,Magazzini Alimentari Riuniti,Via Ludovico il Moro 22,Bergamo,Southern Europe,24100,Italy
10789,1,2013-12-22,2014-01-19,2013-12-31,2,100.60,Folies gourmandes,"184, chaussée de Tournai",Lille,Western Europe,59000,France
10859,1,2014-01-29,2014-02-26,2014-02-02,2,76.10,Frankenversand,Berliner Platz 43,München,Western Europe,80805,Germany
10985,2,2014-03-30,2014-04-27,2014-04-02,1,91.51,Hungry Owl All-Night Grocers,8 Johnstown Road,Cork,British Isles,,Ireland
10648,5,2013-08-28,2013-10-09,2013-09-09,2,14.25,Ricardo Adocicados,"Av. Copacabana, 267",Rio de Janeiro,South America,02389-890,Brazil
10992,1,2014-04-01,2014-04-29,2014-04-03,3,4.27,The Big Cheese,89 Jefferson Way Suite 2,Portland,North America,97201,USA
10535,4,2013-05-13,2013-06-10,2013-05-21,1,15.64,Antonio Moreno Taquería,Mataderos  2312,México D.F.,Central America,05023,Mexico
10938,3,2014-03-10,2014-04-07,2014-03-16,2,31.89,QUICK-Stop,Taucherstraße 10,Cunewalde,Western Europe,01307,Germany
10462,2,2013-03-03,2013-03-31,2013-03-18,1,6.17,Consolidated Holdings,Berkeley Gardens 12  Brewery,London,British Isles,WX1 6LT,UK
10899,5,2014-02-20,2014-03-20,2014-02-26,3,1.21,LILA-Supermercado,Carrera 52 con Ave. Bolívar #65-98 Llano Largo,Barquisimeto,South America,3508,Venezuela
11051,7,2014-04-27,2014-05-25,,3,2.79,La maison d'Asie,1 rue Alsace-Lorraine,Toulouse,Western Europe,31000,France
10725,4,2013-10-31,2013-11-28,2013-11-05,3,10.83,Familia Arquibaldo,"Rua Orós, 92",Sao Paulo,South America,05442-030,Brazil
10622,4,2013-08-06,2013-09-03,2013-08-11,3,50.97,Ricardo Adocicados,"Av. Copacabana, 267",Rio de Janeiro,South America,02389-890,Brazil
10850,1,2014-01-23,2014-03-06,2014-01-30,1,49.19,Victuailles en stock,"2, rue du Commerce",Lyon,Western Europe,69004,France
10615,2,2013-07-30,2013-08-27,2013-08-06,3,0.75,Wilman Kala,Keskuskatu 45,Helsinki,Scandinavia,21240,Finland
10682,3,2013-09-25,2013-10-23,2013-10-01,2,36.13,Antonio Moreno Taquería,Mataderos  2312,México D.F.,Central America,05023,Mexico
10792,1,2013-12-23,2014-01-20,2013-12-31,3,23.79,Wolski Zajazd,ul. Filtrowa 68,Warszawa,Eastern Europe,01-012,Poland
10570,3,2013-06-17,2013-07-15,2013-06-19,3,188.99,Mère Paillarde,43 rue St. Laurent,Montréal,North America,H1J 1C3,Canada
10529,5,2013-05-07,2013-06-04,2013-05-09,2,66.69,Maison Dewey,Rue Joseph-Bens 532,Bruxelles,Western Europe,B-1180,Belgium
10594,3,2013-07-09,2013-08-06,2013-07-16,2,5.24,Old World Delicatessen,2743 Bering St.,Anchorage,North America,99508,USA
10936,3,2014-03-09,2014-04-06,2014-03-18,2,33.68,Great Lakes Food Market,2732 Baker Blvd.,Eugene,North America,97403,USA
10329,4,2012-10-15,2012-11-26,2012-10-23,2,191.67,Split Rail Beer & Ale,P.O. Box 555,Lander,North America,82520,USA
10346,3,2012-11-05,2012-12-17,2012-11-08,3,142.08,Rattlesnake Canyon Grocery,2817 Milton Dr.,Albuquerque,North America,87110,USA
10476,8,2013-03-17,2013-04-14,2013-03-24,3,4.41,HILARION-Abastos,Carrera 22 con Ave. Carlos Soublette #8-35,San Cristóbal,South America,5022,Venezuela
10557,9,2013-06-03,2013-06-17,2013-06-06,2,96.72,Lehmanns Marktstand,Magazinweg 7,Frankfurt a.M.,Western Europe,60528,Germany
10332,3,2012-10-17,2012-11-28,2012-10-21,2,52.84,Mère Paillarde,43 rue St. Laurent,Montréal,North America,H1J 1C3,Canada
10310,8,2012-09-20,2012-10-18,2012-09-27,2,17.52,The Big Cheese,89 Jefferson Way Suite 2,Portland,North America,97201,USA
10274,6,2012-08-06,2012-09-03,2012-08-16,1,6.01,Vins et alcools Chevalier,59 rue de l'Abbaye,Reims,Western Europe,51100,France
10406,7,2013-01-07,2013-02-18,2013-01-13,1,108.04,Queen Cozinha,"Alameda dos Canàrios, 891",Sao Paulo,South America,05487-020,Brazil
10696,8,2013-10-08,2013-11-19,2013-10-14,3,102.55,White Clover Markets,1029 - 12th Ave. S.,Seattle,North America,98124,USA
10621,4,2013-08-05,2013-09-02,2013-08-11,2,23.73,Island Trading,Garden House Crowther Way,Cowes,British Isles,PO31 7PJ,UK
10767,4,2013-12-05,2014-01-02,2013-12-15,3,1.59,Suprêmes délices,"Boulevard Tirou, 255",Charleroi,Western Europe,B-6000,Belgium
10607,5,2013-07-22,2013-08-19,2013-07-25,1,200.24,Save-a-lot Markets,187 Suffolk Ln.,Boise,North America,83720,USA
10863,4,2014-02-02,2014-03-02,2014-02-17,2,30.26,HILARION-Abastos,Carrera 22 con Ave. Carlos Soublette #8-35,San Cristóbal,South America,5022,Venezuela
10340,1,2012-10-29,2012-11-26,2012-11-08,3,166.31,Bon app',"12, rue des Bouchers",Marseille,Western Europe,13008,France
10888,1,2014-02-16,2014-03-16,2014-02-23,2,51.87,Godos Cocina Típica,"C/ Romero, 33",Sevilla,Southern Europe,41101,Spain
10580,4,2013-06-26,2013-07-24,2013-07-01,3,75.89,Ottilies Käseladen,Mehrheimerstr. 369,Köln,Western Europe,50739,Germany
10591,1,2013-07-07,2013-07-21,2013-07-16,1,55.92,Vaffeljernet,Smagsloget 45,Århus,Northern Europe,8200,Denmark
10468,3,2013-03-07,2013-04-04,2013-03-12,3,44.12,Königlich Essen,Maubelstr. 90,Brandenburg,Western Europe,14776,Germany
10600,4,2013-07-16,2013-08-13,2013-07-21,1,45.13,Hungry Coyote Import Store,City Center Plaza 516 Main St.,Elgin,North America,97827,USA
10672,9,2013-09-17,2013-10-01,2013-09-26,2,95.75,Berglunds snabbköp,Berguvsvägen  8,Luleå,Northern Europe,S-958 22,Sweden
10846,2,2014-01-22,2014-03-05,2014-01-23,3,56.46,Suprêmes délices,"Boulevard Tirou, 255",Charleroi,Western Europe,B-6000,Belgium
10866,5,2014-02-03,2014-03-03,2014-02-12,1,109.11,Berglunds snabbköp,Berguvsvägen  8,Luleå,Northern Europe,S-958 22,Sweden
10870,5,2014-02-04,2014-03-04,2014-02-13,3,12.04,Wolski Zajazd,ul. Filtrowa 68,Warszawa,Eastern Europe,01-012,Poland
10698,4,2013-10-09,2013-11-06,2013-10-17,1,272.47,Ernst Handel,Kirchgasse 6,Graz,Western Europe,8010,Austria
10592,3,2013-07-08,2013-08-05,2013-07-16,1,32.10,Lehmanns Marktstand,Magazinweg 7,Frankfurt a.M.,Western Europe,60528,Germany
10271,6,2012-08-01,2012-08-29,2012-08-30,2,4.54,Split Rail Beer & Ale,P.O. Box 555,Lander,North America,82520,USA
10688,4,2013-10-01,2013-10-15,2013-10-07,2,299.09,Vaffeljernet,Smagsloget 45,Århus,Northern Europe,8200,Denmark
10823,5,2014-01-09,2014-02-06,2014-01-13,2,163.97,LILA-Supermercado,Carrera 52 con Ave. Bolívar #65-98 Llano Largo,Barquisimeto,South America,3508,Venezuela
10675,5,2013-09-19,2013-10-17,2013-09-23,2,31.85,Frankenversand,Berliner Platz 43,München,Western Europe,80805,Germany
11010,2,2014-04-09,2014-05-07,2014-04-21,2,28.71,Reggiani Caseifici,Strada Provinciale 124,Reggio Emilia,Southern Europe,42100,Italy
10979,8,2014-03-26,2014-04-23,2014-03-31,2,353.07,Ernst Handel,Kirchgasse 6,Graz,Western Europe,8010,Austria
10649,5,2013-08-28,2013-09-25,2013-08-29,3,6.20,Maison Dewey,Rue Joseph-Bens 532,Bruxelles,Western Europe,B-1180,Belgium
10764,6,2013-12-03,2013-12-31,2013-12-08,3,145.45,Ernst Handel,Kirchgasse 6,Graz,Western Europe,8010,Austria
10988,3,2014-03-31,2014-04-28,2014-04-10,2,61.14,Rattlesnake Canyon Grocery,2817 Milton Dr.,Albuquerque,North America,87110,USA
11033,7,2014-04-17,2014-05-15,2014-04-23,3,84.74,Richter Supermarkt,Starenweg 5,Genève,Western Europe,1204,Switzerland
10315,4,2012-09-26,2012-10-24,2012-10-03,2,41.76,Island Trading,Garden House Crowther Way,Cowes,British Isles,PO31 7PJ,UK
10439,6,2013-02-07,2013-03-07,2013-02-10,3,4.07,Mère Paillarde,43 rue St. Laurent,Montréal,North America,H1J 1C3,Canada
10714,5,2013-10-22,2013-11-19,2013-10-27,3,24.49,Save-a-lot Markets,187 Suffolk Ln.,Boise,North America,83720,USA
10293,1,2012-08-29,2012-09-26,2012-09-11,3,21.18,Tortuga Restaurante,Avda. Azteca 123,México D.F.,Central America,05033,Mexico
10656,6,2013-09-04,2013-10-02,2013-09-10,1,57.15,Great Lakes Food Market,2732 Baker Blvd.,Eugene,North America,97403,USA
10647,4,2013-08-27,2013-09-10,2013-09-03,2,45.54,Que Delícia,"Rua da Panificadora, 12",Rio de Janeiro,South America,02389-673,Brazil
10901,4,2014-02-23,2014-03-23,2014-02-26,1,62.09,HILARION-Abastos,Carrera 22 con Ave. Carlos Soublette #8-35,San Cristóbal,South America,5022,Venezuela
10365,3,2012-11-27,2012-12-25,2012-12-02,2,22.00,Antonio Moreno Taquería,Mataderos  2312,México D.F.,Central America,05023,Mexico
10821,1,2014-01-08,2014-02-05,2014-01-15,1,36.68,Split Rail Beer & Ale,P.O. Box 555,Lander,North America,82520,USA
10999,6,2014-04-03,2014-05-01,2014-04-10,2,96.35,Ottilies Käseladen,Mehrheimerstr. 369,Köln,Western Europe,50739,Germany
11014,2,2014-04-10,2014-05-08,2014-04-15,3,23.60,LINO-Delicateses,Ave. 5 de Mayo Porlamar,I. de Margarita,South America,4980,Venezuela
10881,4,2014-02-11,2014-03-11,2014-02-18,1,2.84,Cactus Comidas para llevar,Cerrito 333,Buenos Aires,South America,1010,Argentina
10572,3,2013-06-18,2013-07-16,2013-06-25,2,116.43,Berglunds snabbköp,Berguvsvägen  8,Luleå,Northern Europe,S-958 22,Sweden
10853,9,2014-01-27,2014-02-24,2014-02-03,2,53.83,Blauer See Delikatessen,Forsterstr. 57,Mannheim,Western Europe,68306,Germany
10412,8,2013-01-13,2013-02-10,2013-01-15,2,3.77,Wartian Herkku,Torikatu 38,Oulu,Scandinavia,90110,Finland
11025,6,2014-04-15,2014-05-13,2014-04-24,3,29.17,Wartian Herkku,Torikatu 38,Oulu,Scandinavia,90110,Finland
10965,6,2014-03-20,2014-04-17,2014-03-30,3,144.38,Old World Delicatessen,2743 Bering St.,Anchorage,North America,99508,USA
10303,7,2012-09-11,2012-10-09,2012-09-18,2,107.83,Godos Cocina Típica,"C/ Romero, 33",Sevilla,Southern Europe,41101,Spain
10893,9,2014-02-18,2014-03-18,2014-02-20,2,77.78,Königlich Essen,Maubelstr. 90,Brandenburg,Western Europe,14776,Germany
10326,4,2012-10-10,2012-11-07,2012-10-14,2,77.92,Bólido Comidas preparadas,"C/ Araquil, 67",Madrid,Southern Europe,28023,Spain
10838,3,2014-01-19,2014-02-16,2014-01-23,3,59.28,LINO-Delicateses,Ave. 5 de Mayo Porlamar,I. de Margarita,South America,4980,Venezuela
10832,2,2014-01-14,2014-02-11,2014-01-19,2,43.26,La maison d'Asie,1 rue Alsace-Lorraine,Toulouse,Western Europe,31000,France
10542,1,2013-05-20,2013-06-17,2013-05-26,3,10.95,Königlich Essen,Maubelstr. 90,Brandenburg,Western Europe,14776,Germany
10288,4,2012-08-23,2012-09-20,2012-09-03,1,7.45,Reggiani Caseifici,Strada Provinciale 124,Reggio Emilia,Southern Europe,42100,Italy
10907,6,2014-02-25,2014-03-25,2014-02-27,3,9.19,Spécialités du monde,"25, rue Lauriston",Paris,Western Europe,75016,France
10295,2,2012-09-02,2012-09-30,2012-09-10,2,1.15,Vins et alcools Chevalier,59 rue de l'Abbaye,Reims,Western Europe,51100,France
10828,9,2014-01-13,2014-01-27,2014-02-04,1,90.85,Rancho grande,Av. del Libertador 900,Buenos Aires,South America,1010,Argentina
10777,7,2013-12-15,2013-12-29,2014-01-21,2,3.01,Gourmet Lanchonetes,"Av. Brasil, 442",Campinas,South America,04876-786,Brazil
10784,4,2013-12-18,2014-01-15,2013-12-22,3,70.09,Magazzini Alimentari Riuniti,Via Ludovico il Moro 22,Bergamo,Southern Europe,24100,Italy
10638,3,2013-08-20,2013-09-17,2013-09-01,1,158.44,LINO-Delicateses,Ave. 5 de Mayo Porlamar,I. de Margarita,South America,4980,Venezuela
10842,1,2014-01-20,2014-02-17,2014-01-29,3,54.42,Tortuga Restaurante,Avda. Azteca 123,México D.F.,Central America,05033,Mexico
10664,1,2013-09-10,2013-10-08,2013-09-19,3,1.27,Furia Bacalhau e Frutos do Mar,Jardim das rosas n. 32,Lisboa,Southern Europe,1675,Portugal
10446,6,2013-02-14,2013-03-14,2013-02-19,1,14.68,Toms Spezialitäten,Luisenstr. 48,Münster,Western Europe,44087,Germany
10876,7,2014-02-09,2014-03-09,2014-02-12,3,60.42,Bon app',"12, rue des Bouchers",Marseille,Western Europe,13008,France
10989,2,2014-03-31,2014-04-28,2014-04-02,1,34.76,Que Delícia,"Rua da Panificadora, 12",Rio de Janeiro,South America,02389-673,Brazil
10731,7,2013-11-06,2013-12-04,2013-11-14,1,96.65,Chop-suey Chinese,Hauptstr. 31,Bern,Western Europe,3012,Switzerland
10960,3,2014-03-19,2014-04-02,2014-04-08,1,2.08,HILARION-Abastos,Carrera 22 con Ave. Carlos Soublette #8-35,San Cristóbal,South America,5022,Venezuela
11024,4,2014-04-15,2014-05-13,2014-04-20,1,74.36,Eastern Connection,35 King George,London,British Isles,WX3 6FW,UK
10355,6,2012-11-15,2012-12-13,2012-11-20,1,41.95,Around the Horn,Brook Farm Stratford St. Mary,Colchester,British Isles,CO7 6JX,UK
10817,3,2014-01-06,2014-01-20,2014-01-13,2,306.07,Königlich Essen,Maubelstr. 90,Brandenburg,Western Europe,14776,Germany
10442,3,2013-02-11,2013-03-11,2013-02-18,2,47.94,Ernst Handel,Kirchgasse 6,Graz,Western Europe,8010,Austria
10296,6,2012-09-03,2012-10-01,2012-09-11,1,0.12,LILA-Supermercado,Carrera 52 con Ave. Bolívar #65-98 Llano Largo,Barquisimeto,South America,3508,Venezuela
10879,3,2014-02-10,2014-03-10,2014-02-12,3,8.50,Wilman Kala,Keskuskatu 45,Helsinki,Scandinavia,21240,Finland
10915,2,2014-02-27,2014-03-27,2014-03-02,2,3.51,Tortuga Restaurante,Avda. Azteca 123,México D.F.,Central America,05033,Mexico
10644,3,2013-08-25,2013-09-22,2013-09-01,2,0.14,Wellington Importadora,"Rua do Mercado, 12",Resende,South America,08737-363,Brazil
10498,8,2013-04-07,2013-05-05,2013-04-11,2,29.75,HILARION-Abastos,Carrera 22 con Ave. Carlos Soublette #8-35,San Cristóbal,South America,5022,Venezuela
10726,4,2013-11-03,2013-11-17,2013-12-05,1,16.56,Eastern Connection,35 King George,London,British Isles,WX3 6FW,UK
10388,2,2012-12-19,2013-01-16,2012-12-20,1,34.86,Seven Seas Imports,90 Wadhurst Rd.,London,British Isles,OX15 4NB,UK
10650,5,2013-08-29,2013-09-26,2013-09-03,3,176.81,Familia Arquibaldo,"Rua Orós, 92",Sao Paulo,South America,05442-030,Brazil
10641,4,2013-08-22,2013-09-19,2013-08-26,2,179.61,HILARION-Abastos,Carrera 22 con Ave. Carlos Soublette #8-35,San Cristóbal,South America,5022,Venezuela
10892,4,2014-02-17,2014-03-17,2014-02-19,2,120.27,Maison Dewey,Rue Joseph-Bens 532,Bruxelles,Western Europe,B-1180,Belgium
10491,8,2013-03-31,2013-04-28,2013-04-08,3,16.96,Furia Bacalhau e Frutos do Mar,Jardim das rosas n. 32,Lisboa,Southern Europe,1675,Portugal
10280,2,2012-08-14,2012-09-11,2012-09-12,1,8.98,Berglunds snabbköp,Berguvsvägen  8,Luleå,Northern Europe,S-958 22,Sweden
10678,7,2013-09-23,2013-10-21,2013-10-16,3,388.98,Save-a-lot Markets,187 Suffolk Ln.,Boise,North America,83720,USA
10258,1,2012-07-17,2012-08-14,2012-07-23,1,140.51,Ernst Handel,Kirchgasse 6,Graz,Western Europe,8010,Austria
11066,7,2014-05-01,2014-05-29,2014-05-04,2,44.72,White Clover Markets,1029 - 12th Ave. S.,Seattle,North America,98124,USA
10958,7,2014-03-18,2014-04-15,2014-03-27,2,49.56,Océano Atlántico Ltda.,Ing. Gustavo Moncada 8585 Piso 20-A,Buenos Aires,South America,1010,Argentina
10544,4,2013-05-21,2013-06-18,2013-05-30,1,24.91,Lonesome Pine Restaurant,89 Chiaroscuro Rd.,Portland,North America,97219,USA
10413,3,2013-01-14,2013-02-11,2013-01-16,2,95.66,La maison d'Asie,1 rue Alsace-Lorraine,Toulouse,Western Europe,31000,France
10756,8,2013-11-27,2013-12-25,2013-12-02,2,73.21,Split Rail Beer & Ale,P.O. Box 555,Lander,North America,82520,USA
10298,6,2012-09-05,2012-10-03,2012-09-11,2,168.22,Hungry Owl All-Night Grocers,8 Johnstown Road,Cork,British Isles,,Ireland
10963,9,2014-03-19,2014-04-16,2014-03-26,3,2.70,Furia Bacalhau e Frutos do Mar,Jardim das rosas n. 32,Lisboa,Southern Europe,1675,Portugal
10867,6,2014-02-03,2014-03-17,2014-02-11,1,1.93,Lonesome Pine Restaurant,89 Chiaroscuro Rd.,Portland,North America,97219,USA
10733,1,2013-11-07,2013-12-05,2013-11-10,3,110.11,Berglunds snabbköp,Berguvsvägen  8,Luleå,Northern Europe,S-958 22,Sweden
10503,6,2013-04-11,2013-05-09,2013-04-16,2,16.74,Hungry Owl All-Night Grocers,8 Johnstown Road,Cork,British Isles,,Ireland
10949,2,2014-03-13,2014-04-10,2014-03-17,3,74.44,Bottom-Dollar Markets,23 Tsawassen Blvd.,Tsawassen,North America,T2F 8M4,Canada
10627,8,2013-08-11,2013-09-22,2013-08-21,3,107.46,Save-a-lot Markets,187 Suffolk Ln.,Boise,North America,83720,USA
10885,6,2014-02-12,2014-03-12,2014-02-18,3,5.64,Suprêmes délices,"Boulevard Tirou, 255",Charleroi,Western Europe,B-6000,Belgium
11050,8,2014-04-27,2014-05-25,2014-05-05,2,59.41,Folk och fä HB,Åkergatan 24,Bräcke,Northern Europe,S-844 67,Sweden
10804,6,2013-12-30,2014-01-27,2014-01-07,2,27.33,Seven Seas Imports,90 Wadhurst Rd.,London,British Isles,OX15 4NB,UK
10457,2,2013-02-25,2013-03-25,2013-03-03,1,11.57,Königlich Essen,Maubelstr. 90,Brandenburg,Western Europe,14776,Germany
10452,8,2013-02-20,2013-03-20,2013-02-26,1,140.26,Save-a-lot Markets,187 Suffolk Ln.,Boise,North America,83720,USA
10955,8,2014-03-17,2014-04-14,2014-03-20,2,3.26,Folk och fä HB,Åkergatan 24,Bräcke,Northern Europe,S-844 67,Sweden
10904,3,2014-02-24,2014-03-24,2014-02-27,3,162.95,White Clover Markets,1029 - 12th Ave. S.,Seattle,North America,98124,USA
10292,1,2012-08-28,2012-09-25,2012-09-02,2,1.35,Tradiçao Hipermercados,"Av. Inês de Castro, 414",Sao Paulo,South America,05634-030,Brazil
11065,8,2014-05-01,2014-05-29,,1,12.91,LILA-Supermercado,Carrera 52 con Ave. Bolívar #65-98 Llano Largo,Barquisimeto,South America,3508,Venezuela
10921,1,2014-03-03,2014-04-14,2014-03-09,1,176.48,Vaffeljernet,Smagsloget 45,Århus,Northern Europe,8200,Denmark
11046,8,2014-04-23,2014-05-21,2014-04-24,2,71.64,Die Wandernde Kuh,Adenauerallee 900,Stuttgart,Western Europe,70563,Germany
10453,1,2013-02-21,2013-03-21,2013-02-26,2,25.36,Around the Horn,Brook Farm Stratford St. Mary,Colchester,British Isles,CO7 6JX,UK
10978,9,2014-03-26,2014-04-23,2014-04-23,2,32.82,Maison Dewey,Rue Joseph-Bens 532,Bruxelles,Western Europe,B-1180,Belgium
10578,4,2013-06-24,2013-07-22,2013-07-25,3,29.60,B's Beverages,Fauntleroy Circus,London,British Isles,EC2 5NT,UK
10940,8,2014-03-11,2014-04-08,2014-03-23,3,19.77,Bon app',"12, rue des Bouchers",Marseille,Western Europe,13008,France
10837,9,2014-01-16,2014-02-13,2014-01-23,3,13.32,Berglunds snabbköp,Berguvsvägen  8,Luleå,Northern Europe,S-958 22,Sweden
10905,9,2014-02-24,2014-03-24,2014-03-06,2,13.72,Wellington Importadora,"Rua do Mercado, 12",Resende,South America,08737-363,Brazil
10896,7,2014-02-19,2014-03-19,2014-02-27,3,32.45,Maison Dewey,Rue Joseph-Bens 532,Bruxelles,Western Europe,B-1180,Belgium
10677,1,2013-09-22,2013-10-20,2013-09-26,3,4.03,Antonio Moreno Taquería,Mataderos  2312,México D.F.,Central America,05023,Mexico
10861,4,2014-01-30,2014-02-27,2014-02-17,2,14.93,White Clover Markets,1029 - 12th Ave. S.,Seattle,North America,98124,USA
10449,3,2013-02-18,2013-03-18,2013-02-27,2,53.30,Blondel père et fils,"24, place Kléber",Strasbourg,Western Europe,67000,France
10428,7,2013-01-28,2013-02-25,2013-02-04,1,11.09,Reggiani Caseifici,Strada Provinciale 124,Reggio Emilia,Southern Europe,42100,Italy
10808,2,2014-01-01,2014-01-29,2014-01-09,3,45.53,Old World Delicatessen,2743 Bering St.,Anchorage,North America,99508,USA
10440,4,2013-02-10,2013-03-10,2013-02-28,2,86.53,Save-a-lot Markets,187 Suffolk Ln.,Boise,North America,83720,USA
10375,3,2012-12-06,2013-01-03,2012-12-09,2,20.12,Hungry Coyote Import Store,City Center Plaza 516 Main St.,Elgin,North America,97827,USA
10980,4,2014-03-27,2014-05-08,2014-04-17,1,1.26,Folk och fä HB,Åkergatan 24,Bräcke,Northern Europe,S-844 67,Sweden
10760,4,2013-12-01,2013-12-29,2013-12-10,1,155.64,Maison Dewey,Rue Joseph-Bens 532,Bruxelles,Western Europe,B-1180,Belgium
10432,3,2013-01-31,2013-02-14,2013-02-07,2,4.34,Split Rail Beer & Ale,P.O. Box 555,Lander,North America,82520,USA
10352,3,2012-11-12,2012-11-26,2012-11-18,3,1.30,Furia Bacalhau e Frutos do Mar,Jardim das rosas n. 32,Lisboa,Southern Europe,1675,Portugal
11002,4,2014-04-06,2014-05-04,2014-04-16,1,141.16,Save-a-lot Markets,187 Suffolk Ln.,Boise,North America,83720,USA
10665,1,2013-09-11,2013-10-09,2013-09-17,2,26.31,Lonesome Pine Restaurant,89 Chiaroscuro Rd.,Portland,North America,97219,USA
10683,2,2013-09-26,2013-10-24,2013-10-01,1,4.40,Du monde entier,"67, rue des Cinquante Otages",Nantes,Western Europe,44000,France
10690,1,2013-10-02,2013-10-30,2013-10-03,1,15.80,Hanari Carnes,"Rua do Paço, 67",Rio de Janeiro,South America,05454-876,Brazil
11021,3,2014-04-14,2014-05-12,2014-04-21,1,297.18,QUICK-Stop,Taucherstraße 10,Cunewalde,Western Europe,01307,Germany
10387,1,2012-12-18,2013-01-15,2012-12-20,2,93.63,Santé Gourmet,Erling Skakkes gate 78,Stavern,Scandinavia,4110,Norway
10473,1,2013-03-13,2013-03-27,2013-03-21,3,16.37,Island Trading,Garden House Crowther Way,Cowes,British Isles,PO31 7PJ,UK
10739,3,2013-11-12,2013-12-10,2013-11-17,3,11.08,Vins et alcools Chevalier,59 rue de l'Abbaye,Reims,Western Europe,51100,France
10791,6,2013-12-23,2014-01-20,2014-01-01,2,16.85,Frankenversand,Berliner Platz 43,München,Western Europe,80805,Germany
10819,2,2014-01-07,2014-02-04,2014-01-16,3,19.76,Cactus Comidas para llevar,Cerrito 333,Buenos Aires,South America,1010,Argentina
10505,3,2013-04-14,2013-05-12,2013-04-21,3,7.13,Mère Paillarde,43 rue St. Laurent,Montréal,North America,H1J 1C3,Canada
10328,4,2012-10-14,2012-11-11,2012-10-17,3,87.03,Furia Bacalhau e Frutos do Mar,Jardim das rosas n. 32,Lisboa,Southern Europe,1675,Portugal
10545,8,2013-05-22,2013-06-19,2013-06-26,2,11.92,Lazy K Kountry Store,12 Orchestra Terrace,Walla Walla,North America,99362,USA
10840,4,2014-01-19,2014-03-02,2014-02-16,2,2.71,LINO-Delicateses,Ave. 5 de Mayo Porlamar,I. de Margarita,South America,4980,Venezuela
10297,5,2012-09-04,2012-10-16,2012-09-10,2,5.74,Blondel père et fils,"24, place Kléber",Strasbourg,Western Europe,67000,France
11005,2,2014-04-07,2014-05-05,2014-04-10,1,0.75,Wilman Kala,Keskuskatu 45,Helsinki,Scandinavia,21240,Finland
10934,3,2014-03-09,2014-04-06,2014-03-12,3,32.01,Lehmanns Marktstand,Magazinweg 7,Frankfurt a.M.,Western Europe,60528,Germany
10966,4,2014-03-20,2014-04-17,2014-04-08,1,27.19,Chop-suey Chinese,Hauptstr. 31,Bern,Western Europe,3012,Switzerland
10950,1,2014-03-16,2014-04-13,2014-03-23,2,2.50,Magazzini Alimentari Riuniti,Via Ludovico il Moro 22,Bergamo,Southern Europe,24100,Italy
10812,5,2014-01-02,2014-01-30,2014-01-12,1,59.78,Reggiani Caseifici,Strada Provinciale 124,Reggio Emilia,Southern Europe,42100,Italy
10795,8,2013-12-24,2014-01-21,2014-01-20,2,126.66,Ernst Handel,Kirchgasse 6,Graz,Western Europe,8010,Austria
11019,6,2014-04-13,2014-05-11,,3,3.17,Rancho grande,Av. del Libertador 900,Buenos Aires,South America,1010,Argentina
10911,3,2014-02-26,2014-03-26,2014-03-05,1,38.19,Godos Cocina Típica,"C/ Romero, 33",Sevilla,Southern Europe,41101,Spain
10455,8,2013-02-24,2013-04-07,2013-03-03,2,180.45,Wartian Herkku,Torikatu 38,Oulu,Scandinavia,90110,Finland
10515,2,2013-04-23,2013-05-07,2013-05-23,1,204.47,QUICK-Stop,Taucherstraße 10,Cunewalde,Western Europe,01307,Germany
10313,2,2012-09-24,2012-10-22,2012-10-04,2,1.96,QUICK-Stop,Taucherstraße 10,Cunewalde,Western Europe,01307,Germany
10517,3,2013-04-24,2013-05-22,2013-04-29,3,32.07,North/South,South House 300 Queensbridge,London,British Isles,SW7 1RZ,UK
11018,4,2014-04-13,2014-05-11,2014-04-16,2,11.65,Lonesome Pine Restaurant,89 Chiaroscuro Rd.,Portland,North America,97219,USA
10716,4,2013-10-24,2013-11-21,2013-10-27,2,22.57,Rancho grande,Av. del Libertador 900,Buenos Aires,South America,1010,Argentina
10626,1,2013-08-11,2013-09-08,2013-08-20,2,138.69,Berglunds snabbköp,Berguvsvägen  8,Luleå,Northern Europe,S-958 22,Sweden
10279,8,2012-08-13,2012-09-10,2012-08-16,2,25.83,Lehmanns Marktstand,Magazinweg 7,Frankfurt a.M.,Western Europe,60528,Germany
10266,3,2012-07-26,2012-09-06,2012-07-31,3,25.73,Wartian Herkku,Torikatu 38,Oulu,Scandinavia,90110,Finland
10908,4,2014-02-26,2014-03-26,2014-03-06,2,32.96,Reggiani Caseifici,Strada Provinciale 124,Reggio Emilia,Southern Europe,42100,Italy
10942,9,2014-03-11,2014-04-08,2014-03-18,3,17.95,Reggiani Caseifici,Strada Provinciale 124,Reggio Emilia,Southern Europe,42100,Italy
10635,8,2013-08-18,2013-09-15,2013-08-21,3,47.46,Magazzini Alimentari Riuniti,Via Ludovico il Moro 22,Bergamo,Southern Europe,24100,Italy
10584,4,2013-06-30,2013-07-28,2013-07-04,1,59.14,Blondel père et fils,"24, place Kléber",Strasbourg,Western Europe,67000,France
10708,6,2013-10-17,2013-11-28,2013-11-05,2,2.96,The Big Cheese,89 Jefferson Way Suite 2,Portland,North America,97201,USA
10713,1,2013-10-22,2013-11-19,2013-10-24,1,167.05,Save-a-lot Markets,187 Suffolk Ln.,Boise,North America,83720,USA
10351,1,2012-11-11,2012-12-09,2012-11-20,1,162.33,Ernst Handel,Kirchgasse 6,Graz,Western Europe,8010,Austria
10839,3,2014-01-19,2014-02-16,2014-01-22,3,35.43,Tradiçao Hipermercados,"Av. Inês de Castro, 414",Sao Paulo,South America,05634-030,Brazil
10877,1,2014-02-09,2014-03-09,2014-02-19,1,38.06,Ricardo Adocicados,"Av. Copacabana, 267",Rio de Janeiro,South America,02389-890,Brazil
10467,8,2013-03-06,2013-04-03,2013-03-11,2,4.93,Magazzini Alimentari Riuniti,Via Ludovico il Moro 22,Bergamo,Southern Europe,24100,Italy
10525,1,2013-05-02,2013-05-30,2013-05-23,2,11.06,Bon app',"12, rue des Bouchers",Marseille,Western Europe,13008,France
10646,9,2013-08-27,2013-10-08,2013-09-03,3,142.33,Hungry Owl All-Night Grocers,8 Johnstown Road,Cork,British Isles,,Ireland
10710,1,2013-10-20,2013-11-17,2013-10-23,1,4.98,Franchi S.p.A.,Via Monte Bianco 34,Torino,Southern Europe,10100,Italy
10721,5,2013-10-29,2013-11-26,2013-10-31,3,48.92,QUICK-Stop,Taucherstraße 10,Cunewalde,Western Europe,01307,Germany
10538,9,2013-05-15,2013-06-12,2013-05-16,3,4.87,B's Beverages,Fauntleroy Circus,London,British Isles,EC2 5NT,UK
10720,8,2013-10-28,2013-11-11,2013-11-05,2,9.53,Que Delícia,"Rua da Panificadora, 12",Rio de Janeiro,South America,02389-673,Brazil
10927,4,2014-03-05,2014-04-02,2014-04-08,1,19.79,La corne d'abondance,"67, avenue de l'Europe",Versailles,Western Europe,78000,France
10380,8,2012-12-12,2013-01-09,2013-01-16,3,35.03,Hungry Owl All-Night Grocers,8 Johnstown Road,Cork,British Isles,,Ireland
10909,1,2014-02-26,2014-03-26,2014-03-10,2,53.05,Santé Gourmet,Erling Skakkes gate 78,Stavern,Scandinavia,4110,Norway
10825,1,2014-01-09,2014-02-06,2014-01-14,1,79.25,Drachenblut Delikatessen,Walserweg 21,Aachen,Western Europe,52066,Germany
10851,5,2014-01-26,2014-02-23,2014-02-02,1,160.55,Ricardo Adocicados,"Av. Copacabana, 267",Rio de Janeiro,South America,02389-890,Brazil
10620,2,2013-08-05,2013-09-02,2013-08-14,3,0.94,Laughing Bacchus Wine Cellars,2319 Elm St.,Vancouver,North America,V3F 2K1,Canada
11074,7,2014-05-06,2014-06-03,,2,18.44,Simons bistro,Vinbæltet 34,Kobenhavn,Northern Europe,1734,Denmark
10429,3,2013-01-29,2013-03-12,2013-02-07,2,56.63,Hungry Owl All-Night Grocers,8 Johnstown Road,Cork,British Isles,,Ireland
10753,3,2013-11-25,2013-12-23,2013-11-27,1,7.70,Franchi S.p.A.,Via Monte Bianco 34,Torino,Southern Europe,10100,Italy
10601,7,2013-07-16,2013-08-27,2013-07-22,1,58.30,HILARION-Abastos,Carrera 22 con Ave. Carlos Soublette #8-35,San Cristóbal,South America,5022,Venezuela
10667,7,2013-09-12,2013-10-10,2013-09-19,1,78.09,Ernst Handel,Kirchgasse 6,Graz,Western Europe,8010,Austria
10477,5,2013-03-17,2013-04-14,2013-03-25,2,13.02,Princesa Isabel Vinhos,Estrada da saúde n. 58,Lisboa,Southern Europe,1756,Portugal
10321,3,2012-10-03,2012-10-31,2012-10-11,2,3.43,Island Trading,Garden House Crowther Way,Cowes,British Isles,PO31 7PJ,UK
10786,8,2013-12-19,2014-01-16,2013-12-23,1,110.87,Queen Cozinha,"Alameda dos Canàrios, 891",Sao Paulo,South America,05487-020,Brazil
10862,8,2014-01-30,2014-03-13,2014-02-02,2,53.23,Lehmanns Marktstand,Magazinweg 7,Frankfurt a.M.,Western Europe,60528,Germany
10968,1,2014-03-23,2014-04-20,2014-04-01,3,74.60,Ernst Handel,Kirchgasse 6,Graz,Western Europe,8010,Austria
10436,3,2013-02-05,2013-03-05,2013-02-11,2,156.66,Blondel père et fils,"24, place Kléber",Strasbourg,Western Europe,67000,France
11004,3,2014-04-07,2014-05-05,2014-04-20,1,44.84,Maison Dewey,Rue Joseph-Bens 532,Bruxelles,Western Europe,B-1180,Belgium
10443,8,2013-02-12,2013-03-12,2013-02-14,1,13.95,Reggiani Caseifici,Strada Provinciale 124,Reggio Emilia,Southern Europe,42100,Italy
10343,4,2012-10-31,2012-11-28,2012-11-06,1,110.37,Lehmanns Marktstand,Magazinweg 7,Frankfurt a.M.,Western Europe,60528,Germany
10385,1,2012-12-17,2013-01-14,2012-12-23,2,30.96,Split Rail Beer & Ale,P.O. Box 555,Lander,North America,82520,USA
10719,8,2013-10-27,2013-11-24,2013-11-05,2,51.44,Let's Stop N Shop,87 Polk St. Suite 5,San Francisco,North America,94117,USA
10606,4,2013-07-22,2013-08-19,2013-07-31,3,79.40,Tradiçao Hipermercados,"Av. Inês de Castro, 414",Sao Paulo,South America,05634-030,Brazil
11052,3,2014-04-27,2014-05-25,2014-05-01,1,67.26,Hanari Carnes,"Rua do Paço, 67",Rio de Janeiro,South America,05454-876,Brazil
11036,8,2014-04-20,2014-05-18,2014-04-22,3,149.47,Drachenblut Delikatessen,Walserweg 21,Aachen,Western Europe,52066,Germany
10769,3,2013-12-08,2014-01-05,2013-12-12,1,65.06,Vaffeljernet,Smagsloget 45,Århus,Northern Europe,8200,Denmark
10770,8,2013-12-09,2014-01-06,2013-12-17,3,5.32,Hanari Carnes,"Rua do Paço, 67",Rio de Janeiro,South America,05454-876,Brazil
10420,3,2013-01-21,2013-02-18,2013-01-27,1,44.12,Wellington Importadora,"Rua do Mercado, 12",Resende,South America,08737-363,Brazil
10625,3,2013-08-08,2013-09-05,2013-08-14,1,43.90,Ana Trujillo Emparedados y helados,Avda. de la Constitución 2222,México D.F.,Central America,05021,Mexico
10788,1,2013-12-22,2014-01-19,2014-01-19,2,42.70,QUICK-Stop,Taucherstraße 10,Cunewalde,Western Europe,01307,Germany
10759,3,2013-11-28,2013-12-26,2013-12-12,3,11.99,Ana Trujillo Emparedados y helados,Avda. de la Constitución 2222,México D.F.,Central America,05021,Mexico
11026,4,2014-04-15,2014-05-13,2014-04-28,1,47.09,Franchi S.p.A.,Via Monte Bianco 34,Torino,Southern Europe,10100,Italy
11069,1,2014-05-04,2014-06-01,2014-05-06,2,15.67,Tortuga Restaurante,Avda. Azteca 123,México D.F.,Central America,05033,Mexico
10772,3,2013-12-10,2014-01-07,2013-12-19,2,91.28,Lehmanns Marktstand,Magazinweg 7,Frankfurt a.M.,Western Europe,60528,Germany
11045,6,2014-04-23,2014-05-21,,2,70.58,Bottom-Dollar Markets,23 Tsawassen Blvd.,Tsawassen,North America,T2F 8M4,Canada
10974,3,2014-03-25,2014-04-08,2014-04-03,3,12.96,Split Rail Beer & Ale,P.O. Box 555,Lander,North America,82520,USA
11057,3,2014-04-29,2014-05-27,2014-05-01,3,4.13,North/South,South House 300 Queensbridge,London,British Isles,SW7 1RZ,UK
10875,4,2014-02-06,2014-03-06,2014-03-03,2,32.37,Berglunds snabbköp,Berguvsvägen  8,Luleå,Northern Europe,S-958 22,Sweden
10516,2,2013-04-24,2013-05-22,2013-05-01,3,62.78,Hungry Owl All-Night Grocers,8 Johnstown Road,Cork,British Isles,,Ireland
10312,2,2012-09-23,2012-10-21,2012-10-03,2,40.26,Die Wandernde Kuh,Adenauerallee 900,Stuttgart,Western Europe,70563,Germany
10946,1,2014-03-12,2014-04-09,2014-03-19,2,27.20,Vaffeljernet,Smagsloget 45,Århus,Northern Europe,8200,Denmark
11032,2,2014-04-17,2014-05-15,2014-04-23,3,606.19,White Clover Markets,1029 - 12th Ave. S.,Seattle,North America,98124,USA
10824,8,2014-01-09,2014-02-06,2014-01-30,1,1.23,Folk och fä HB,Åkergatan 24,Bräcke,Northern Europe,S-844 67,Sweden
10421,8,2013-01-21,2013-03-04,2013-01-27,1,99.23,Que Delícia,"Rua da Panificadora, 12",Rio de Janeiro,South America,02389-673,Brazil
10409,3,2013-01-09,2013-02-06,2013-01-14,1,29.83,Océano Atlántico Ltda.,Ing. Gustavo Moncada 8585 Piso 20-A,Buenos Aires,South America,1010,Argentina
11017,9,2014-04-13,2014-05-11,2014-04-20,2,754.26,Ernst Handel,Kirchgasse 6,Graz,Western Europe,8010,Austria
10454,4,2013-02-21,2013-03-21,2013-02-25,3,2.74,La maison d'Asie,1 rue Alsace-Lorraine,Toulouse,Western Europe,31000,France
10464,4,2013-03-04,2013-04-01,2013-03-14,2,89.00,Furia Bacalhau e Frutos do Mar,Jardim das rosas n. 32,Lisboa,Southern Europe,1675,Portugal
10571,8,2013-06-17,2013-07-29,2013-07-04,3,26.06,Ernst Handel,Kirchgasse 6,Graz,Western Europe,8010,Austria
10617,4,2013-07-31,2013-08-28,2013-08-04,2,18.53,Great Lakes Food Market,2732 Baker Blvd.,Eugene,North America,97403,USA
10797,7,2013-12-25,2014-01-22,2014-01-05,2,33.35,Drachenblut Delikatessen,Walserweg 21,Aachen,Western Europe,52066,Germany
10884,4,2014-02-12,2014-03-12,2014-02-13,2,90.97,Let's Stop N Shop,87 Polk St. Suite 5,San Francisco,North America,94117,USA
10590,4,2013-07-07,2013-08-04,2013-07-14,3,44.77,Mère Paillarde,43 rue St. Laurent,Montréal,North America,H1J 1C3,Canada
10997,8,2014-04-03,2014-05-15,2014-04-13,2,73.91,LILA-Supermercado,Carrera 52 con Ave. Bolívar #65-98 Llano Largo,Barquisimeto,South America,3508,Venezuela
10679,8,2013-09-23,2013-10-21,2013-09-30,3,27.94,Blondel père et fils,"24, place Kléber",Strasbourg,Western Europe,67000,France
10680,1,2013-09-24,2013-10-22,2013-09-26,1,26.61,Old World Delicatessen,2743 Bering St.,Anchorage,North America,99508,USA
10973,6,2014-03-24,2014-04-21,2014-03-27,2,15.17,La corne d'abondance,"67, avenue de l'Europe",Versailles,Western Europe,78000,France
10830,4,2014-01-13,2014-02-24,2014-01-21,2,81.83,Tradiçao Hipermercados,"Av. Inês de Castro, 414",Sao Paulo,South America,05634-030,Brazil
10685,4,2013-09-29,2013-10-13,2013-10-03,2,33.75,Gourmet Lanchonetes,"Av. Brasil, 442",Campinas,South America,04876-786,Brazil
10260,4,2012-07-19,2012-08-16,2012-07-29,1,55.09,Ottilies Käseladen,Mehrheimerstr. 369,Köln,Western Europe,50739,Germany
11031,6,2014-04-17,2014-05-15,2014-04-24,2,227.22,Save-a-lot Markets,187 Suffolk Ln.,Boise,North America,83720,USA
10633,7,2013-08-15,2013-09-12,2013-08-18,3,477.90,Ernst Handel,Kirchgasse 6,Graz,Western Europe,8010,Austria
10865,2,2014-02-02,2014-02-16,2014-02-12,1,348.14,QUICK-Stop,Taucherstraße 10,Cunewalde,Western Europe,01307,Germany
10718,1,2013-10-27,2013-11-24,2013-10-29,3,170.88,Königlich Essen,Maubelstr. 90,Brandenburg,Western Europe,14776,Germany
10366,8,2012-11-28,2013-01-09,2012-12-30,2,10.14,Galería del gastronómo,"Rambla de Cataluña, 23",Barcelona,Southern Europe,8022,Spain
10521,8,2013-04-29,2013-05-27,2013-05-02,2,17.22,Cactus Comidas para llevar,Cerrito 333,Buenos Aires,South America,1010,Argentina
10814,3,2014-01-05,2014-02-02,2014-01-14,3,130.94,Victuailles en stock,"2, rue du Commerce",Lyon,Western Europe,69004,France
10353,7,2012-11-13,2012-12-11,2012-11-25,3,360.63,Piccolo und mehr,Geislweg 14,Salzburg,Western Europe,5020,Austria
10868,7,2014-02-04,2014-03-04,2014-02-23,2,191.27,Queen Cozinha,"Alameda dos Canàrios, 891",Sao Paulo,South America,05487-020,Brazil
10894,1,2014-02-18,2014-03-18,2014-02-20,1,116.13,Save-a-lot Markets,187 Suffolk Ln.,Boise,North America,83720,USA
10334,8,2012-10-21,2012-11-18,2012-10-28,2,8.56,Victuailles en stock,"2, rue du Commerce",Lyon,Western Europe,69004,France
10350,6,2012-11-11,2012-12-09,2012-12-03,2,64.19,La maison d'Asie,1 rue Alsace-Lorraine,Toulouse,Western Europe,31000,France
10806,3,2013-12-31,2014-01-28,2014-01-05,2,22.11,Victuailles en stock,"2, rue du Commerce",Lyon,Western Europe,69004,France
10410,3,2013-01-10,2013-02-07,2013-01-15,3,2.40,Bottom-Dollar Markets,23 Tsawassen Blvd.,Tsawassen,North America,T2F 8M4,Canada
10322,7,2012-10-04,2012-11-01,2012-10-23,3,0.40,Pericles Comidas clásicas,Calle Dr. Jorge Cash 321,México D.F.,Central America,05033,Mexico
10855,3,2014-01-27,2014-02-24,2014-02-04,1,170.97,Old World Delicatessen,2743 Bering St.,Anchorage,North America,99508,USA
10903,3,2014-02-24,2014-03-24,2014-03-04,3,36.71,Hanari Carnes,"Rua do Paço, 67",Rio de Janeiro,South America,05454-876,Brazil
10345,2,2012-11-04,2012-12-02,2012-11-11,2,249.06,QUICK-Stop,Taucherstraße 10,Cunewalde,Western Europe,01307,Germany
10275,1,2012-08-07,2012-09-04,2012-08-09,1,26.93,Magazzini Alimentari Riuniti,Via Ludovico il Moro 22,Bergamo,Southern Europe,24100,Italy
10337,4,2012-10-24,2012-11-21,2012-10-29,3,108.26,Frankenversand,Berliner Platz 43,München,Western Europe,80805,Germany
10255,9,2012-07-12,2012-08-09,2012-07-15,3,148.33,Richter Supermarkt,Starenweg 5,Genève,Western Europe,1204,Switzerland
10249,6,2012-07-05,2012-08-16,2012-07-10,1,11.61,Toms Spezialitäten,Luisenstr. 48,Münster,Western Europe,44087,Germany
10835,1,2014-01-15,2014-02-12,2014-01-21,3,69.53,Alfred's Futterkiste,Obere Str. 57,Berlin,Western Europe,12209,Germany
10396,1,2012-12-27,2013-01-10,2013-01-06,3,135.35,Frankenversand,Berliner Platz 43,München,Western Europe,80805,Germany
10919,2,2014-03-02,2014-03-30,2014-03-04,2,19.80,LINO-Delicateses,Ave. 5 de Mayo Porlamar,I. de Margarita,South America,4980,Venezuela
10548,3,2013-05-26,2013-06-23,2013-06-02,2,1.43,Toms Spezialitäten,Luisenstr. 48,Münster,Western Europe,44087,Germany
10537,1,2013-05-14,2013-05-28,2013-05-19,1,78.85,Richter Supermarkt,Starenweg 5,Genève,Western Europe,1204,Switzerland
10478,2,2013-03-18,2013-04-01,2013-03-26,3,4.81,Victuailles en stock,"2, rue du Commerce",Lyon,Western Europe,69004,France
10651,8,2013-09-01,2013-09-29,2013-09-11,2,20.60,Die Wandernde Kuh,Adenauerallee 900,Stuttgart,Western Europe,70563,Germany
10489,6,2013-03-28,2013-04-25,2013-04-09,2,5.29,Piccolo und mehr,Geislweg 14,Salzburg,Western Europe,5020,Austria
10501,9,2013-04-09,2013-05-07,2013-04-16,3,8.85,Blauer See Delikatessen,Forsterstr. 57,Mannheim,Western Europe,68306,Germany
10363,4,2012-11-26,2012-12-24,2012-12-04,3,30.54,Drachenblut Delikatessen,Walserweg 21,Aachen,Western Europe,52066,Germany
10338,4,2012-10-25,2012-11-22,2012-10-29,3,84.21,Old World Delicatessen,2743 Bering St.,Anchorage,North America,99508,USA
10880,7,2014-02-10,2014-03-24,2014-02-18,1,88.01,Folk och fä HB,Åkergatan 24,Bräcke,Northern Europe,S-844 67,Sweden
10612,1,2013-07-28,2013-08-25,2013-08-01,2,544.08,Save-a-lot Markets,187 Suffolk Ln.,Boise,North America,83720,USA
10369,8,2012-12-02,2012-12-30,2012-12-09,2,195.68,Split Rail Beer & Ale,P.O. Box 555,Lander,North America,82520,USA
10364,1,2012-11-26,2013-01-07,2012-12-04,1,71.97,Eastern Connection,35 King George,London,British Isles,WX3 6FW,UK
10394,1,2012-12-25,2013-01-22,2013-01-03,3,30.34,Hungry Coyote Import Store,City Center Plaza 516 Main St.,Elgin,North America,97827,USA
10697,3,2013-10-08,2013-11-05,2013-10-14,1,45.52,LINO-Delicateses,Ave. 5 de Mayo Porlamar,I. de Margarita,South America,4980,Venezuela
10466,4,2013-03-06,2013-04-03,2013-03-13,1,11.93,Comércio Mineiro,"Av. dos Lusíadas, 23",Sao Paulo,South America,05432-043,Brazil
10991,1,2014-04-01,2014-04-29,2014-04-07,1,38.51,QUICK-Stop,Taucherstraße 10,Cunewalde,Western Europe,01307,Germany
10381,3,2012-12-12,2013-01-09,2012-12-13,3,7.99,LILA-Supermercado,Carrera 52 con Ave. Bolívar #65-98 Llano Largo,Barquisimeto,South America,3508,Venezuela
10554,4,2013-05-30,2013-06-27,2013-06-05,3,120.97,Ottilies Käseladen,Mehrheimerstr. 369,Köln,Western Europe,50739,Germany
10947,3,2014-03-13,2014-04-10,2014-03-16,2,3.26,B's Beverages,Fauntleroy Circus,London,British Isles,EC2 5NT,UK
10762,3,2013-12-02,2013-12-30,2013-12-09,1,328.74,Folk och fä HB,Åkergatan 24,Bräcke,Northern Europe,S-844 67,Sweden
10555,6,2013-06-02,2013-06-30,2013-06-04,3,252.49,Save-a-lot Markets,187 Suffolk Ln.,Boise,North America,83720,USA
10987,8,2014-03-31,2014-04-28,2014-04-06,1,185.48,Eastern Connection,35 King George,London,British Isles,WX3 6FW,UK
11044,4,2014-04-23,2014-05-21,2014-05-01,1,8.72,Wolski Zajazd,ul. Filtrowa 68,Warszawa,Eastern Europe,01-012,Poland
10448,4,2013-02-17,2013-03-17,2013-02-24,2,38.82,Rancho grande,Av. del Libertador 900,Buenos Aires,South America,1010,Argentina
10408,8,2013-01-08,2013-02-05,2013-01-14,1,11.26,Folies gourmandes,"184, chaussée de Tournai",Lille,Western Europe,59000,France
10597,7,2013-07-11,2013-08-08,2013-07-18,3,35.12,Piccolo und mehr,Geislweg 14,Salzburg,Western Europe,5020,Austria
10746,1,2013-11-19,2013-12-17,2013-11-21,3,31.43,Chop-suey Chinese,Hauptstr. 31,Bern,Western Europe,3012,Switzerland
10736,9,2013-11-11,2013-12-09,2013-11-21,2,44.10,Hungry Owl All-Night Grocers,8 Johnstown Road,Cork,British Isles,,Ireland
11034,8,2014-04-20,2014-06-01,2014-04-27,1,40.32,Old World Delicatessen,2743 Bering St.,Anchorage,North America,99508,USA
10730,5,2013-11-05,2013-12-03,2013-11-14,1,20.12,Bon app',"12, rue des Bouchers",Marseille,Western Europe,13008,France
10827,1,2014-01-12,2014-01-26,2014-02-06,2,63.54,Bon app',"12, rue des Bouchers",Marseille,Western Europe,13008,France
10734,2,2013-11-07,2013-12-05,2013-11-12,3,1.63,Gourmet Lanchonetes,"Av. Brasil, 442",Campinas,South America,04876-786,Brazil
10323,4,2012-10-07,2012-11-04,2012-10-14,1,4.88,Königlich Essen,Maubelstr. 90,Brandenburg,Western Europe,14776,Germany
10401,1,2013-01-01,2013-01-29,2013-01-10,1,12.51,Rattlesnake Canyon Grocery,2817 Milton Dr.,Albuquerque,North America,87110,USA
10306,1,2012-09-16,2012-10-14,2012-09-23,3,7.56,Romero y tomillo,"Gran Vía, 1",Madrid,Southern Europe,28001,Spain
10953,9,2014-03-16,2014-03-30,2014-03-25,2,23.72,Around the Horn,Brook Farm Stratford St. Mary,Colchester,British Isles,CO7 6JX,UK
10634,4,2013-08-15,2013-09-12,2013-08-21,3,487.38,Folies gourmandes,"184, chaussée de Tournai",Lille,Western Europe,59000,France
10341,7,2012-10-29,2012-11-26,2012-11-05,3,26.78,Simons bistro,Vinbæltet 34,Kobenhavn,Northern Europe,1734,Denmark
10480,6,2013-03-20,2013-04-17,2013-03-24,2,1.35,Folies gourmandes,"184, chaussée de Tournai",Lille,Western Europe,59000,France
10417,4,2013-01-16,2013-02-13,2013-01-28,3,70.29,Simons bistro,Vinbæltet 34,Kobenhavn,Northern Europe,1734,Denmark
10967,2,2014-03-23,2014-04-20,2014-04-02,2,62.22,Toms Spezialitäten,Luisenstr. 48,Münster,Western Europe,44087,Germany
11073,2,2014-05-05,2014-06-02,,2,24.95,Pericles Comidas clásicas,Calle Dr. Jorge Cash 321,México D.F.,Central America,05033,Mexico
10809,7,2014-01-01,2014-01-29,2014-01-07,1,4.87,Wellington Importadora,"Rua do Mercado, 12",Resende,South America,08737-363,Brazil
10891,7,2014-02-17,2014-03-17,2014-02-19,2,20.37,Lehmanns Marktstand,Magazinweg 7,Frankfurt a.M.,Western Europe,60528,Germany
10563,2,2013-06-10,2013-07-22,2013-06-24,2,60.43,Ricardo Adocicados,"Av. Copacabana, 267",Rio de Janeiro,South America,02389-890,Brazil
10889,9,2014-02-16,2014-03-16,2014-02-23,3,280.61,Rattlesnake Canyon Grocery,2817 Milton Dr.,Albuquerque,North America,87110,USA
10723,3,2013-10-30,2013-11-27,2013-11-25,1,21.72,White Clover Markets,1029 - 12th Ave. S.,Seattle,North America,98124,USA
11030,7,2014-04-17,2014-05-15,2014-04-27,2,830.75,Save-a-lot Markets,187 Suffolk Ln.,Boise,North America,83720,USA
11055,7,2014-04-28,2014-05-26,2014-05-05,2,120.92,HILARION-Abastos,Carrera 22 con Ave. Carlos Soublette #8-35,San Cristóbal,South America,5022,Venezuela
10263,9,2012-07-23,2012-08-20,2012-07-31,3,146.06,Ernst Handel,Kirchgasse 6,Graz,Western Europe,8010,Austria
11007,8,2014-04-08,2014-05-06,2014-04-13,2,202.24,Princesa Isabel Vinhos,Estrada da saúde n. 58,Lisboa,Southern Europe,1756,Portugal
10741,4,2013-11-14,2013-11-28,2013-11-18,3,10.96,Around the Horn,Brook Farm Stratford St. Mary,Colchester,British Isles,CO7 6JX,UK
11054,8,2014-04-28,2014-05-26,,1,0.33,Cactus Comidas para llevar,Cerrito 333,Buenos Aires,South America,1010,Argentina
10860,3,2014-01-29,2014-02-26,2014-02-04,3,19.26,France restauration,"54, rue Royale",Nantes,Western Europe,44000,France
10975,1,2014-03-25,2014-04-22,2014-03-27,3,32.27,Bottom-Dollar Markets,23 Tsawassen Blvd.,Tsawassen,North America,T2F 8M4,Canada
10969,1,2014-03-23,2014-04-20,2014-03-30,2,0.21,Comércio Mineiro,"Av. dos Lusíadas, 23",Sao Paulo,South America,05432-043,Brazil
10642,7,2013-08-22,2013-09-19,2013-09-05,3,41.89,Simons bistro,Vinbæltet 34,Kobenhavn,Northern Europe,1734,Denmark
10368,2,2012-11-29,2012-12-27,2012-12-02,2,101.95,Ernst Handel,Kirchgasse 6,Graz,Western Europe,8010,Austria
10671,1,2013-09-17,2013-10-15,2013-09-24,1,30.34,France restauration,"54, rue Royale",Nantes,Western Europe,44000,France
10768,3,2013-12-08,2014-01-05,2013-12-15,2,146.32,Around the Horn,Brook Farm Stratford St. Mary,Colchester,British Isles,CO7 6JX,UK
